-- phpMyAdmin SQL Dump
-- version 3.5.8.2
-- http://www.phpmyadmin.net
--
-- ホスト: 127.0.0.1:3306
-- 生成日時: 2016 年 10 月 20 日 18:46
-- サーバのバージョン: 5.0.67-log
-- PHP のバージョン: 5.3.29

SET SQL_MODE="NO_AUTO_VALUE_ON_ZERO";
SET time_zone = "+00:00";


/*!40101 SET @OLD_CHARACTER_SET_CLIENT=@@CHARACTER_SET_CLIENT */;
/*!40101 SET @OLD_CHARACTER_SET_RESULTS=@@CHARACTER_SET_RESULTS */;
/*!40101 SET @OLD_COLLATION_CONNECTION=@@COLLATION_CONNECTION */;
/*!40101 SET NAMES utf8 */;

--
-- データベース: `kamakuralive_sessions`
--

-- --------------------------------------------------------

--
-- テーブルの構造 `doctor_tbls`
--

CREATE TABLE IF NOT EXISTS `doctor_tbls` (
  `id` int(11) NOT NULL auto_increment,
  `english_sirname` varchar(100) NOT NULL default '',
  `english_firstname` varchar(100) NOT NULL default '',
  `email` varchar(100) NOT NULL default '',
  `phone` varchar(100) NOT NULL default '',
  `is_male` tinyint(1) NOT NULL default '1',
  `kana_sirname` varchar(100) NOT NULL default '',
  `kana_firstname` varchar(100) NOT NULL default '',
  `kanji_sirname` varchar(100) NOT NULL default '',
  `kanji_firstname` varchar(100) NOT NULL default '',
  `hp_name_english` varchar(100) NOT NULL default '',
  `nation` varchar(50) NOT NULL default '',
  `hp_name_japanese` varchar(100) NOT NULL default '',
  `hp_place_english` varchar(100) NOT NULL default '',
  `hp_place_japanese` varchar(100) NOT NULL default '',
  `member_kind` tinyint(2) NOT NULL default '0',
  `sponsor` varchar(100) NOT NULL default '',
  `description` text NOT NULL,
  `changed` datetime NOT NULL default '0000-00-00 00:00:00',
  PRIMARY KEY  (`id`),
  UNIQUE KEY `email` (`email`),
  UNIQUE KEY `email_2` (`email`)
) ENGINE=InnoDB  DEFAULT CHARSET=utf8 AUTO_INCREMENT=104 ;

--
-- テーブルのデータのダンプ `doctor_tbls`
--

INSERT INTO `doctor_tbls` (`id`, `english_sirname`, `english_firstname`, `email`, `phone`, `is_male`, `kana_sirname`, `kana_firstname`, `kanji_sirname`, `kanji_firstname`, `hp_name_english`, `nation`, `hp_name_japanese`, `hp_place_english`, `hp_place_japanese`, `member_kind`, `sponsor`, `description`, `changed`) VALUES
(1, 'SAITO', 'SHIGERU', 'transradial@kamakuraheart.org', '', 1, 'ｻｲﾄｳ', 'ｼｹﾞﾙ', '齋藤', '滋', 'ShonanKamakura General Hospital', 'JAPAN', '湘南鎌倉総合病院/医師', '', '神奈川県鎌倉市岡本1307-1', 1, '', '特定非営利活動法人ティー・アール・アイ国際ネットワーク理事長', '2016-08-14 13:46:45'),
(2, 'TANAKA', 'SHINJI', 'yasupon0@yahoo.co.jp', '', 1, 'ﾀﾅｶ', 'ｼﾝｼﾞ', '田中', '慎司', 'Shonan Fujisawa Tokushukai Hospital', 'JAPAN', '湘南藤沢徳洲会病院/医師', '', '', 1, '', '', '2016-08-14 14:48:56'),
(3, 'HIBI', 'KIYOSHI', 'hibikiyo@med.yokohama-cu.ac.jp', '', 1, 'ﾋﾋﾞ', 'ｷﾖｼ', '日比', '潔', 'Yokohama City University Municipal General Hospital', 'JAPAN', '横浜市大附属市民総合医療センタｰ/医師', '', '', 1, '', '', '2016-08-14 14:49:22'),
(4, 'SUGANO', 'TERUYASU', 't-sugano@urahp.yokohama-cu.ac.jp', '', 1, 'ｽｶﾞﾉ', 'ﾃﾙﾔｽ', '菅野', '晃靖', 'Yokohama City University Hospital', 'JAPAN', '横浜市立大学附属病院/医師', '', '', 1, '', '', '2016-08-16 16:15:11'),
(5, 'KUROSAWA', 'TOSHIRO', 'kurosawa@med.kitasato-u.ac.jp', '', 1, 'ｸﾛｻﾜ', 'ﾄｼﾛｳ', '黒澤', '利郎', 'Machida City Hospital', 'JAPAN', '町田市民病院/医師', '', '', 1, '', '', '2016-08-14 15:12:10'),
(6, 'KONGOJI', 'KEN', 'kongoji@marianna-u.ac.jp', '', 1, 'ｺﾝｺﾞｳｼﾞ', 'ｹﾝ', '金剛寺', '謙', 'Kyorin University Hospital', 'JAPAN', '杏林大学病院/医師', '', '', 1, '', '', '2016-08-14 15:02:07'),
(7, 'MITCHISHITA', 'ICHIRO', 'i-michishita@yokohamasakae.jp', '', 1, 'ﾐﾁｼﾀ', 'ｲﾁﾛｳ', '道下', '一朗', 'Yokohama Sakae Kyosai Hospital', 'JAPAN', '横浜栄共済病院/医師', '', '', 1, '', '', '2016-08-14 14:52:00'),
(8, 'OYAMADA', 'KAZUHIRO', 'kazu-olb@dd.iij4u.or.jp', '', 1, 'ｵﾔﾏﾀﾞ', 'ｶｽﾞﾋﾛ', '小山田', '和弘', 'Keiyu Hospital', 'JAPAN', 'けいゆう病院/医師', '', '', 1, '', '', '2016-08-14 14:54:58'),
(9, 'FUKUDA', 'NAOTO', 'n-fugu@bc4.so-net.ne.jp', '', 1, 'ﾌｸﾀﾞ', 'ﾅｵﾄ', '福田', '直人', 'Toshiba Rinkan Hospital', 'JAPAN', '東芝林間病院/医師', '', '', 1, '', '', '2016-08-14 15:01:43'),
(10, 'ASHIKAGA', 'TAKASHI', 'ashikaga-ind@umin.ac.jp', '', 1, 'ｱｼｶｶﾞ', 'ﾀｶｼ', '足利', '貴志', 'Tokyo Medical and Dantal University Hospital', 'JAPAN', '東京医科歯科大学医学部附属病院/医師', '', '', 1, '', '', '2016-08-16 16:12:46'),
(11, 'KAN', 'YOSHIFUMI', 'radi-kan@kyi.biglobe.ne.jp', '', 1, 'ｶﾝ', 'ﾖｼﾌﾐ', '菅', '好文', 'Bethesda Clinic', 'JAPAN', 'ベテスダ･クリニック/医師', '', '', 1, '', '', '2016-08-20 06:49:27'),
(12, 'HATA', 'TETSUYA', 'md-hata@seagreen.ocn.ne.jp', '', 1, 'ﾊﾀ', 'ﾃﾂﾔ', '羽田', '哲也', 'Sukoyaka Pharmacy', 'JAPAN', 'すこやか薬局/医師', '', '', 1, '', '', '2016-08-14 15:11:28'),
(13, 'MASUTANI', 'MOTOMARU', 'moto-maru@nifty.com', '', 1, 'ﾏｽﾀﾆ', 'ﾓﾄﾏﾙ', '舛谷', '元丸', 'Amagasaki New Town Hospital', 'JAPAN', '尼崎新都心病院/医師', '', '尼崎市潮江1丁目3-43', 1, '', '', '2016-08-22 18:33:24'),
(14, 'TAKAHASHI', 'AKIHIKO', 'a-takahashi@wine.ocn.ne.jp', '0787331136', 1, 'ﾀｶﾊｼ', 'ｱｷﾋｺ', '高橋', '玲比古', 'Sakurakai Takahashi Hospital', 'JAPAN', 'さくら会高橋病院/医師', '5-18-1 Oikecho Sumaku Kobe 6540026 Japan', '神戸市須磨区大池町５−１８−１', 1, '', '', '2016-08-19 20:37:05'),
(15, 'TAKAHASHI', 'SAEKO', 'saeko@kamakuraheart.org', '', 0, 'ﾀｶﾊｼ', 'ｻｴｺ', '高橋', '佐枝子', 'ShonaKamakura General Hospital', 'JAPAN', '湘南鎌倉総合病院/医師', '', '', 1, '', '', '2016-08-14 14:51:10'),
(16, 'FUKUI', 'KAZUKI', 'fukui@kanagawa-junko.jp', '', 1, 'ﾌｸｲ', 'ｶｽﾞｷ', '福井', '和樹', 'Kanagawa Prefectural Heart and Lung Center', 'JAPAN', '神奈川県立循環器呼吸器病センタｰ/医師', '', '', 1, '', '', '2016-08-14 15:11:48'),
(17, 'YOSHIMACHI', 'FUMINOBU', 'fyoshimachi@nifty.com', '', 1, 'ﾖｼﾏﾁ', 'ﾌﾐﾉﾌﾞ', '吉町', '文暢', 'Tokai University Medical School Hospital', 'JAPAN', '東海大学医学部付属病院/医師', '', '', 1, '', '', '2016-08-14 14:59:57'),
(18, 'KATSUKI', 'TAKAAKI', 'katsukit@jichi.ac.jp', '', 1, 'ｶﾂｷ', 'ﾀｶｱｷ', '勝木', '孝明', 'Koga Red Cross Hospital', 'JAPAN', '古河赤十字病院/医師', '', '', 1, '', '', '2016-08-14 15:02:48'),
(19, 'MATSUMURA', 'TOSHIYUKI', 'junkanki-matsumura@kumamotoh.rofuku.go.jp', '', 1, 'ﾏﾂﾑﾗ', 'ﾄｼﾕｷ', '松村', '敏幸', 'Kumamoto Rosai Hospital', 'JAPAN', '熊本労災病院/医師', '', '', 1, '', '', '2016-08-14 19:15:44'),
(20, 'TAKESHITA', 'SATOSHI', 'stake@muse.ocn.ne.jp', '', 1, 'ﾀｹｼﾀ', 'ｻﾄｼ', '竹下', '聡', 'Nagasaki Minato Medical Center', 'JAPAN', '長崎みなとメディカル市民病院/医師', '', '', 1, '', '', '2016-08-14 14:58:42'),
(21, 'HONYE', 'JUNKO', 'junko.honye@gmail.com', '', 0, 'ﾎﾝｴ', 'ｼﾞｭﾝｺ', '本江', '純子', 'Kikuna Memorial Hospital', 'JAPAN', '菊名記念病院/医師', '', '', 1, '', '', '2016-08-14 14:56:00'),
(22, 'MATSUKAGE', 'TAKASHI', 'matsukage@radialist.com', '', 1, 'ﾏﾂｶｹﾞ', 'ﾀｶｼ', '松陰', '崇', 'Tokai University Medical School Hachioji Hospital', 'JAPAN', '東海大学医学部付属八王子病院/医師', '', '', 1, '', '', '2016-08-14 14:59:31'),
(23, 'MAKITA', 'YASUHIRO', 'makita@msa.ncv.ne.jp', '', 1, 'ﾏｷﾀ', 'ﾔｽﾋﾛ', '蒔田', '泰宏', 'Hakodate Municipal Hospital', 'JAPAN', '市立函館病院/医師', '', '', 1, '', '', '2016-08-14 14:55:28'),
(24, 'SAKAKIBARA', 'MASAYOSHI', 'sakakibara@ims.gr.jp', '', 1, 'ｻｶｷﾊﾞﾗ', 'ﾏｻﾖｼ', '榊原', '雅義', 'IMS Katsushika Heart Center', 'JAPAN', 'イムス葛飾ハｰトセンタｰ/医師', '', '', 1, '', '', '2016-08-14 15:20:23'),
(26, 'TERAI', 'HIDENOBU', 'terai-h@kanazawa-heart.or.jp', '', 1, 'ﾃﾗｲ', 'ﾋﾃﾞﾉﾌﾞ', '寺井', '英伸', 'Kanazawa Heart Hospital', 'JAPAN', '金沢循環器病院/医師', '', '', 1, '', '', '2016-08-14 15:00:25'),
(27, 'ANDO', 'HIROSHI', 'yql05106@nifty.com', '', 1, 'ｱﾝﾄﾞｳ', 'ﾋﾛｼ', '安藤', '弘', 'Kasukabe Central General Hospital', 'JAPAN', '春日部中央総合病院/医師', '', '', 1, '', '', '2016-08-14 14:54:03'),
(28, 'TAKAGAWA', 'YOSHITOKI', 'takagawa@sapmed.ac.jp', '', 1, 'ﾀｶｶﾞﾜ', 'ﾖｼﾄｷ', '高川', '芳勅', 'OTARU GENERAL HOSPITAL', 'JAPAN', '小樽市立病院', '1-1-1 Wakamatsu, Otaru', '小樽市若松1-1-1', 1, '', '', '2016-08-30 07:07:48'),
(29, 'SHIN', 'TOMOYASU', 'tomochans123@mac.com', '', 1, 'ｼﾝ', 'ﾄﾓﾔｽ', '進', '智康', 'Higashi Kani Hospital', 'JAPAN', '東可児病院/医師', '', '', 1, '', '', '2016-08-14 14:57:41'),
(30, 'IZUMIKAWA', 'TAKUYA', 'seiun1215@yahoo.co.jp', '', 1, 'ｲｽﾞﾐｶﾜ', 'ﾀｸﾔ', '泉川', '卓也', 'Izumikawa Hospital', 'JAPAN', '泉川病院/医師', '', '', 1, '', '', '2016-08-14 18:53:35'),
(31, 'MIZUNO', 'SHINGO', 'radialist-children@song.ocn.ne.jp', '', 1, 'ﾐｽﾞﾉ', 'ｼﾝｺﾞ', '水野', '真吾', 'ShonanKamakura General Hospital', 'JAPAN', '湘南鎌倉総合病院/医師', '', '', 1, '', '', '2016-08-14 15:12:31'),
(32, 'YAMAZAKI', 'SEIJI', 'yamazakiseij@gmail.com', '', 1, 'ﾔﾏｻﾞｷ', 'ｾｲｼﾞ', '山崎', '誠治', 'Sapporo Higashi Tokushukai Hospital', 'JAPAN', '札幌東徳洲会病院/医師', '', '', 1, '', '', '2016-08-16 16:13:10'),
(33, 'KATAHIRA', 'YOSHIAKI', 'yo-katahira@par.odn.ne.jp', '', 1, 'ｶﾀﾋﾗ', 'ﾖｼｱｷ', '片平', '美明', 'Tohoku Yakka University Hospital', 'JAPAN', '東北薬科大学付属病院/医師', '', '', 1, '', '', '2016-08-14 14:56:30'),
(34, 'MATSUMI', 'JYUN-YA', 'mjunya2318@gmail.com', '', 1, 'ﾏﾂﾐ', 'ｼﾞｭﾝﾔ', '松実', '純也', 'ShonanKamakura General Hospital', 'JAPAN', '湘南鎌倉総合病院/医師', '', '', 1, '', '', '2016-08-16 16:16:58'),
(35, 'TOBITA', 'KAZUKI', 'memento_mori_foram@yahoo.co.jp', '', 1, 'ﾄﾋﾞﾀ', 'ｶｽﾞｷ', '飛田', '一樹', 'ShonanKamakura General Hospital', 'JAPAN', '湘南鎌倉総合病院/医師', '', '', 1, '', '', '2016-08-16 16:17:17'),
(36, 'YAMANAKA', 'FUTOSHI', 'futoshi-yamanaka@nifty.com', '', 1, 'ﾔﾏﾅｶ', 'ﾌﾄｼ', '山中', '太', 'ShonanKamakura General Hospital', 'JAPAN', '湘南鎌倉総合病院/医師', '', '', 1, '', '', '2016-08-16 16:17:41'),
(37, 'SHIMABUKURO', 'TOMOKO', 'mosaito@kamakuranet.ne.jp', '', 0, 'ｼﾏﾌﾞｸﾛ', 'ﾄﾓｺ', '島袋', '朋子', 'ShonanKamakura General Hospital', 'JAPAN', '湘南鎌倉総合病院/看護師', '', '', 1, '', '', '2016-08-14 15:13:18'),
(38, 'EMOTO', 'MASAOMI', 'bestent2@yahoo.co.jp', '', 1, 'ｴﾓﾄ', 'ﾏｻｵﾐ', '江本', '昌臣', 'ShonanKamakura General Hospital', 'JAPAN', '湘南鎌倉総合病院/放射線技師', '', '', 1, '', '', '2016-08-16 16:16:28'),
(39, 'TAKEYA', 'YOKO', 'x5452ta@ybb.ne.jp', '', 0, 'ﾀｹﾔ', 'ﾖｳｺ', '竹谷', '洋子', 'Aomori Prefectural Central Hospital', 'JAPAN', '青森県立中央病院/慢性心不全看護認定看護師', '', '青森市東造道2丁目１の１', 1, '', '招聘状をお願い致します。\r\n看護部長：三上紀子', '2016-08-29 23:09:50'),
(40, 'NAKATSU', 'TOMOKO', 'rintomoko6920@gmail.com', '', 0, 'ﾅｶﾂ', 'ﾄﾓｺ', '中津', '智子', 'Sakura-kai Takahashi Hospital', 'JAPAN', 'さくら会高橋病院/管理栄養士', '', '', 1, '', '招聘状は不要です', '2016-08-29 15:27:43'),
(41, 'TOGITSU', 'NAOFUMI', 'cerica205four@yahoo.co.jp', '', 1, 'ﾄｷﾞﾂ', 'ﾅｵﾌﾐ', '時津', '直史', 'Izumikawa Hospital', 'JAPAN', '泉川病院/臨床検査技師', '', '', 1, '', '招聘状は不要です', '2016-08-29 17:58:54'),
(42, 'KITABATAKE', 'SEI-ICHI', 'kitarevolution@yahoo.co.jp', '', 1, 'ｷﾀﾊﾞﾀｹ', 'ｾｲｲﾁ', '北畠', '誠一', 'ShonanKamakura General Hospital', 'JAPAN', '湘南鎌倉総合病院/臨床工学技士', '', '', 1, '', '', '2016-08-16 16:08:56'),
(43, 'TSUKANO', 'MASAYUKI', 'peace4561@hotmail.co.jp', '', 1, 'ﾂｶﾉ', 'ﾏｻﾕｷ', '塚野', '雅幸', 'Nagasaki Minato Medical Center', 'JAPAN', '長崎みなとメディカル市民病院/臨床工学技士', '', '', 1, '', '', '2016-08-22 15:39:06'),
(44, 'IWAMOTO', 'RIE', 'rie_iwamoto@kamakuraheart.org', '', 0, 'ｲﾜﾓﾄ', 'ﾘｴ', '岩本', '理枝', 'ShonanKamakura General Hospital', 'JAPAN', '湘南鎌倉総合病院･NPO事務局', '', '', 1, '', '', '2016-08-22 07:00:03'),
(45, 'SUDO', 'KAORI', 'kaori_sudo@kamakuraheart.org', '', 0, 'ｽﾄﾞｳ', 'ｶｵﾘ', '周藤', '香', 'NPO International TRI Network', 'JAPAN', 'NPO事務局', '', '', 1, '', '', '2016-08-14 14:51:21'),
(46, 'KIEMENEIJ', 'FERDINAND', 'f.kiemeneij@gmail.com', '', 1, 'ｷﾑﾆｰ', 'ﾌｪﾙﾃﾞｨﾅﾝﾄﾞ', '', '', 'Tergooi Hospital in Blaricum', 'THE NETHERLANDS', 'Tergooi Hospital in Blaricum', '', '', 3, 'Terumo', '', '2016-08-20 06:44:48'),
(47, 'AMINIAN', 'ADEL', 'adaminian@hotmail.com', '', 1, 'ｱﾐﾆｱﾝ', 'ｱﾃﾞﾙ', '', '', 'Centro Hospitalier Universitaire de Charleroi', 'BELGIUM', 'Centro Hospitalier Universitaire de Charleroi', '', '', 3, 'Terumo', '', '2016-08-20 06:45:03'),
(48, 'WU', 'CHIUNG-JEN', 'cvcjwu@adm.cgmh.org.tw', '', 1, 'ｳｰ', 'ﾁﾝｼﾞｪﾝ', '呉', '炯仁', 'Chang Gung Memorial Hospital, Kaohsiung', 'TAIWAN', '長庚記念医院　高雄分院', '', '', 3, '', '', '2016-08-16 18:30:56'),
(49, 'COPPOLA', 'JOHN', 'jcoppolamd@yahoo.com', '', 1, 'ｺｯﾎﾟﾗ', 'ｼﾞｮﾝ', '', '', 'New York University Hospital', 'USA', 'New York University Hospital', '', '', 3, '', '', '2016-08-20 06:43:58'),
(50, 'PATEL', 'TEJAS', 'tejaspatel@apexheart.in', '', 1, 'ﾊﾟﾃﾙ', 'ﾃｼﾞｬｽ', '', '', 'Apex Heart Institute', 'INDIA', 'Apex Heart Institute', '', '', 3, '', '', '2016-08-20 06:44:22'),
(51, 'CHEVALIER', 'BERNARD', 'bchevali@aol.com', '', 1, 'ｼﾊﾞﾘｴ', 'ﾍﾞﾙﾅﾙﾄﾞ', '', '', 'Institute Cardiovsasculaire Pris Sud', 'FRANCE', 'INSTITUTE CARDIOVASCULAIRE PARIS, SUD', '', '', 3, '', '', '2016-08-16 16:39:55'),
(52, 'NISHIKAWA', 'HIDEO', 'nishikawa@mie-heartcenter.com', '0596-55-8188', 1, 'ﾆｼｶﾜ', 'ﾋﾃﾞｵ', '西川', '英郎', 'Mie Heart Center', 'JAPAN', '医療法人 三重ハｰトセンタｰ/医師', '', '三重県多気郡明和町大淀２２２７-１ ', 4, '', '', '2016-08-22 14:08:08'),
(53, 'KAJIYA', 'TAKASHI', 't_kajiya@hotmail.com', '', 1, 'ｶｼﾞﾔ', 'ﾀｶｼ', '加治屋', '崇', 'Ten-yokai Central Hospital', 'JAPAN', '社会医療法人天陽会  中央病院･中央クリニック/医師', '', '', 4, 'Nipro/Goodman', '', '2016-10-18 20:31:29'),
(54, 'KAWASAKI', 'TOMOHIRO', 'to-kawasaki@mug.biglobe.ne.jp', '', 1, 'ｶﾜｻｷ', 'ﾄﾓﾋﾛ', '川﨑 ', '友裕', 'Shin-Koga Hospital', 'JAPAN', '新古賀病院/医師', '', '', 4, '', '', '2016-08-22 14:07:54'),
(55, 'HIKICHI', 'YUTAKA', 'hikichi@cc.saga-u.ac.jp', '', 1, 'ﾋｷﾁ', 'ﾕﾀｶ', '挽地', '裕', 'Saga University Medical School', 'JAPAN', '佐賀大学医学部附属病院/医師', '', '', 4, '', '', '2016-08-22 14:07:36'),
(56, 'HAYASHIDA', 'KENTARO', 'k-hayashida@umin.ac.jp', '', 1, 'ﾊﾔｼﾀﾞ', 'ｹﾝﾀﾛｳ', '林田', '健太郎', 'Keio University Medical School', 'JAPAN', '慶応義塾大学病院/医師', '', '', 4, '', '', '2016-08-22 14:06:52'),
(58, 'YOKOI', 'YOSHIAKI', 'smtyokoi@gmail.com', '', 1, 'ﾖｺｲ', 'ﾖｼｱｷ', '横井', '良明', 'Kishiwada Tokushukai Hospital', 'JAPAN', '岸和田徳洲会病院/医師', '', '', 4, '', '', '2016-08-17 10:38:27'),
(59, 'MURAMATSU', 'TAKASHI', 'takam0401@gmail.com', '', 1, 'ﾑﾗﾏﾂ', 'ﾀｶｼ', '村松', '崇', 'Fujita Health University Medical School', 'JAPAN', '藤田保健衛生大学/医師', '', '', 4, '', '', '2016-08-22 14:08:24'),
(60, 'OKADA', 'TADAHISA', 'kcvc.okada@katsura.com', '0753915811', 1, 'ｵｶﾀﾞ', 'ﾀﾀﾞﾋｻ', '岡田', '忠久', 'Kyoutokatsura Hospital', 'JAPAN', '社会福祉法人　京都社会事業財団　京都桂病院', '17, Yamada Hiraocho, Nishikyo-ku Kyoto-shi, Kyoto, 615-8256, Japan', '〒615-8256　 京都府京都市西京区山田平尾町１７', 5, '', '招聘状必要です。よろしくお願い致します。\r\n宛名　臨床工学部門　臨床工学科 科長　大場 久雄', '2016-08-31 10:36:33'),
(61, 'SOUMI', 'AWAKE', 'ayatan1220@gmail.com', '', 0, 'ｿｳﾐ', 'ｱﾔｺ', '澤海', '綾子', 'Kuki General Hospital', 'JAPAN', '久喜総合病院/看護師', '', '〒346-8530　埼玉県久喜市上早見 418-1', 5, '', '招聘状必要（ただし送付先は深海さん宛でお願いします）\r\n招聘状宛宛先名\r\n久喜総合病院　病院長　植松武史', '2016-08-30 15:44:16'),
(62, 'TAZAWA', 'YOSHIKATSU', 'striker.RX94@gmail.com', '06-6493-1210', 0, 'ﾀｻﾞﾜ', 'ﾖｼｶﾂ', '田澤', '義且', 'Amagasaki New Town Hospital', 'JAPAN', '尼崎新都心病院/放射線技師', '1-3-43, Shioe, Amagasaki, Hyogo', '尼崎市潮江1丁目3-43', 5, '', '招聘状　必要\r\n宛先　医療法人財団　ヒューマンメディカル　尼崎新都心病院　院長　舛谷元丸', '2016-08-30 14:49:03'),
(63, 'TOYAMA', 'SHIN-ICHI', 'toyama.doc@gmail.com', '', 1, 'ﾄｵﾔﾏ', 'ｼﾝｲﾁ', '遠山', '愼一', 'Yokohama Hodogaya Central Hospital', 'JAPAN', '横浜保土ヶ谷中央病院/医師', '', '', 5, '', '名誉社員ですね', '2016-08-22 06:58:53'),
(64, 'KIKUYA', 'NORIHIKO', 'n-kikuya@hospital.hakodate.hokkaido.jp', '', 1, 'ｷｸﾔ', 'ﾉﾘﾋｺ', '菊谷', '典彦', 'Hakodate Municipal Hospital', 'JAPAN', '市立函館病院/臨床工学技士', '', '', 5, '', '臨床工学技士の方\r\n招聘状が必要です。\r\n宛先は市立函館病院　病院長　木村　純先生です。よろしくお願い申し上げます。', '2016-08-30 13:26:25'),
(65, 'ASADA', 'YUYA', 'simpleplan563@yahoo.co.jp', '', 1, 'ｱｻﾀﾞ', 'ﾕｳﾔ', '浅田', '祐哉', 'Izumikawa Hospital', 'JAPAN', '泉川病院/診療放射線技師', '', '', 5, '', '放射線技師の方。泉川先生、データのご確認お願いします\r\n招聘状は不要です', '2016-08-29 17:57:59'),
(66, 'IWASAWA', 'AWAKO', 'iwanet.com@yokohamah.johas.go.jp', '', 1, 'ｲﾜｻﾜ', 'ｱﾔｺ', '岩澤', '亜矢子', 'Yokohama Rosai Hospital', 'JAPAN', '横浜労災病院/診療放射線技師', '', '', 5, '無し', '放射線技師の方、島袋様ご推薦', '2016-09-06 08:25:14'),
(67, 'YAMAMOTO', 'KIYOSHI', 'kiyoshi-y@kanagawa-heart.or.jp', '', 1, 'ﾔﾏﾓﾄ', 'ｷﾖｼ', '山本', '基善', 'Kanazawa Heart Hospital', 'JAPAN', '金沢循環器病院/臨床工学技士', '', '', 5, '', '臨床工学技士。金沢循環器病院寺井先生のご推薦の方\r\n招聘状宛先：最高顧問責任者 名村 正伸', '2016-08-30 08:48:47'),
(68, 'MYOU', 'EIICHIRO', 'e31935m@gmail.com', '', 1, 'ﾐｮｳ', 'ｴｲｲﾁﾛｳ', '明', '英一郎', 'OTARU GENERAL HOSPITAL/Radiological Technologist', 'JAPAN', '小樽市立病院/診療放射線技師', '1-1-1 Wakamatsu, Otaru', '小樽市若松町1-1-1', 5, '', '高川先生ご推薦です。高川先生データのチェックお願いします→チェック・入力いたしました（高川）。\r\n診療放射線技師の方\r\n招聘状宛先：病院長　近藤吉宏', '2016-08-30 08:50:14'),
(69, 'MORISAWA', 'HIDEYUKI', 'hi_morisawa@yahoo.co.jp', '', 1, 'ﾓﾘｻﾜ', 'ﾋﾃﾞﾕｷ', '森澤', '秀幸', 'Tokai University Medical School Hachioji Hospital', 'JAPAN', '東海大学八王子病院/看護師（IEN）', '', '', 5, '', '松陰先生ご推薦の方です。松陰先生データのチェックお願いします。IENインターベンションエキスパートナースの方\r\n招聘状宛先：院長:渡辺 勲史 宛', '2016-08-30 08:47:13'),
(70, 'NAKAGAWA', 'NATSUKO', 'natsu-nana@nifty.com', '0472−742−8311', 0, 'ﾅｶｶﾞﾜ', 'ﾅﾂｺ', '中川', '奈津子', 'National Sagamihara Hospital', 'JAPAN', '国立病院機構相模原病院/看護師（慢性心不全看護認定看護師）', '', '〒252−0392　神奈川県相模原市南区桜台18−Ⅰ', 5, '', '森田先生、竹谷様ご推薦の方。心不全認定看護師。\r\n招聘状をお願い致します。\r\n病院長：金田悟郎　様　　　看護部長：大草由美子　様', '2016-08-29 23:20:47'),
(71, 'MATSUMOTO', 'MIYUKI', 'miyuka1445@gmail.com', '0986−22-1700', 0, 'ﾏﾂﾓﾄ', 'ﾐﾕｷ', '松元', 'みゆき', 'Bethesda Clinic', 'JAPAN', 'ベテスダクリニック/看護師', '', '〒885−0017　宮崎県都城市年見町23−12', 5, '', '菅先生ご推薦です。看護師の方\r\n招聘状をお願い致します。宛名：理事長・院長　　釘宮　博志', '2016-09-01 05:00:20'),
(72, 'TAKADA', 'MASANORI', 'conan.ray.vaughn@gmail.com', '', 1, 'ﾀｶﾀﾞ', 'ﾏｻﾉﾘ', '高田', '昌紀', 'Kawasaki Hospital', 'JAPAN', '川崎病院/医師', '', '', 5, '', '一枚の写真のコメンテーターです\r\n招聘状は必要\r\n宛先は医療法人　川崎病院　院長　中村正先生です。', '2016-08-29 16:18:37'),
(73, 'HARADA', 'TAKASHI', 'harada@radialist.com', '', 1, 'ﾊﾗﾀﾞ', 'ﾀｶｼ', '原田', '敬', 'Kitakyushu Municipal Yahata Hospital', 'JAPAN', '北九州市立八幡病院／医師', '', '', 5, '', '一枚の写真コメンテーター\r\n招聘状は必要です。\r\n宛先は北九州市立八幡病院 院長 市川光太郎', '2016-08-29 20:23:36'),
(76, 'NAKAZAWA', 'KEIGO', 'keigo.n@is.icc.u-tokai.ac.jp', '', 1, 'ﾅｶｻﾞﾜ', 'ｹｲｺﾞ', '中沢', '圭吾', 'Tokai University Medical School', 'JAPAN', '東海大学医学部付属病院/臨床工学技士', '', '', 5, '', '入力してみました。一枚の写真のコメンテーターです。\r\nメールアドレスを入力いたしました。', '2016-08-24 07:46:31'),
(80, 'TAMAOKI', 'HIROYA', 'tamaoking1029@gmail.com', '09065706994', 1, 'ﾀﾏｵｷ', 'ﾋﾛﾔ', '玉置', '紘也', 'Higashikani Hospital', 'JAPAN', '東可児病院/放射線技師', '1520 hiromi kano-city gifu,japan', '岐阜県可児市広見1520', 5, '', '一枚の写真コメンテーターです．', '2016-08-24 12:59:43'),
(82, 'HIRANO', 'TAKANORI', 'k_hirano@tobu.saiseikai.or.jp', '', 1, 'ﾋﾗﾉ', 'ﾀｶﾉﾘ', '平野', '敬典', 'Saiseikai Yokohamashi Tobu Hospital', 'JAPAN', '済生会横浜市東部病院/医師', '', '神奈川県横浜市鶴見区下末吉3-6-1', 4, '', '', '2016-08-29 09:31:40'),
(83, 'KAWASAKI', 'DAIZO', 'daizou0524909@hotmail.com', '', 1, 'ｶﾜｻｷ', 'ﾀﾞｲｿﾞｳ', '川﨑', '大三', 'Morinomiya Hospital', 'JAPAN', '森之宮病院/医師', '', '大阪府大阪市城東区森之宮2丁目1-88', 4, '', '', '2016-08-29 10:44:29'),
(84, 'MIYAMOTO', 'AKIRA', 'miyamotakdr@gmail.com', '', 1, 'ﾐﾔﾓﾄ', 'ｱｷﾗ', '宮本', '明', 'General Takatsu Central Hospital', 'JAPAN', '総合高津中央病院/医師', '', '神奈川県川崎市高津区溝口1-16-7', 4, '', '', '2016-08-29 10:48:47'),
(85, 'AOKI', 'TAKESHI', 'aokyohoo@jomon.ne.jp', '017-762-5500', 1, 'ｱｵｷ', 'ﾀｹｼ', '青木', '傑', 'Aomori Kyoritsu Hospital', 'JAPAN', 'あおもり協立病院/放射線技師', '2-1-10 Higashi Ohno, Aomori City, Japan', '〒030-0847　青森県青森市東大野2丁目1番地10', 5, '', '竹谷さんの御推薦ですが、竹谷さんの入力が遅いようですので吉町が代理入力いたしました。よろしくお願いいたします。　　※ありがとうございます。遅くなり、申し訳ございません。（竹谷）招聘状お願い致します。\r\n招聘状宛名：放射線科技師長　　寺山聡（テラヤマ　サトシ）', '2016-08-29 23:07:42'),
(88, 'YUMOTO', 'KAZUHIKO', 'yumok1023@gmail.com', '', 1, 'ﾕﾓﾄ', 'ｶｽﾞﾋｺ', '柚本', '和彦', 'Yokohama Rosai Hospital', '', '横浜労災病院/医師', '', '', 6, 'Japan Life Line', '＜タイトル＞変更なし\r\n"Successful PCI in combination with OCT and GuideLiner V3"\r\n\r\n＜演者＞\r\n：横浜労災病院・循環器内科　部長・　柚本　和彦先生\r\n\r\n柚本先生においては、OCT使用時でのGuideLIner使用による利便性と応用を\r\nご講演いただきます。\r\nまた、１２/１７（土）１４：００～セッション内で約１５分、スライド・ご発表を\r\n英語。また、上記タイトルでご了承いただいております。', '2016-09-12 09:02:43'),
(92, 'SOGA', 'YOSIMITSU', 'soga@circulation.jp', '', 1, 'ｿｶﾞ', 'ﾖｼﾐﾂ', '曽我', '芳光', 'Kokura Kinen Hospital', 'JAPAN', '小倉記念病院/医師', '', '', 4, '', '', '2016-09-02 09:54:16'),
(93, 'BERNAT', 'IVO', 'ivobernat@gmail.com', '', 1, 'ﾍﾞﾙﾅｯﾄ', 'ｲｳﾞｫ', '', '', 'University Hospital and Faculty of Medicine Pilsen, Charles University', 'CZECH REPUBLIC', 'University Hospital and Faculty of Medicine Pilsen, Charles University', '', '', 3, '3', '', '2016-09-12 10:22:22'),
(94, 'ONG', 'ANDREW', 'andrewtlong@gmail.com', '', 1, 'ｵﾝ', 'ｱﾝﾄﾞﾘｭ-', '', '', 'Westmead & Blacktown Hospitals', 'AUSTRALIA', 'Westmead & Blacktown Hospitals', 'Suite 202, 151 Hawkesbury Road Westmead  NSW 2145, Australia', '', 6, 'Terumo', '', '2016-09-15 18:47:20'),
(95, 'KOZUMA', 'KEN', 'kozumak@med.teikyo-u.ac.jp', '', 1, 'ｺｳﾂﾞﾏ', 'ｹﾝ', '上妻', '謙', 'Teikyo University Hospital', 'JAPAN', '帝京大学病院', '', '', 6, '6', '', '2016-10-11 15:07:39'),
(96, 'ISHIBASHI', 'YUUKI', 'ishibashi15@marianna-u.ac.jp', '', 1, 'ｲｼﾊﾞｼ', 'ﾕｳｷ', '石橋', '祐記', 'St. Marianna University School of Medicine', 'JAPAN', '聖マリアンナ医科大学病院', '', '', 6, '6', '', '2016-10-18 11:47:07'),
(97, 'KRUCOFF', 'MITCHELL', 'mitchell.krucoff@duke.edu', '', 1, '', '', '', '', 'Duke University Medical Center', 'USA', 'Duke University Medical Center', '', '', 3, '3', '', '2016-10-18 16:36:55'),
(98, 'PIEK', 'JAN J', 'piek@xxxx', '', 1, '', '', '', '', 'Academic Medical Center', 'THE NETHERLANDS', 'Academic Medical Center', '', '', 6, '6', 'Volcano', '2016-10-20 11:28:01'),
(99, 'LOW', 'ADRIAN HOE LOW', 'adrian_low@nuhs.edu.sg', '', 1, '', '', '', '', 'National University Hospital Singapore', 'SINGAPORE', 'National University Hospital Singapore', '', '', 6, '6', '', '2016-10-18 16:59:43'),
(100, 'LIM', 'ING HAAN', 'inghaan@yahoo.com.sg', '', 0, '', '', '', '', 'Mount Elizabeth Orchard Hospital', 'SINGAPORE', 'Mount Elizabeth Orchard Hospital', '', '', 6, '6', '', '2016-10-18 16:38:43'),
(101, 'CHIAM TOON LIM', 'PAUL', 'paulchiam@heartvascularcentre.com', '', 1, '', '', '', '', 'Mount Elizabeth Orchard Hospital', 'SINGAPORE', 'Mount Elizabeth Orchard Hospital', '', '', 6, '6', '', '0000-00-00 00:00:00'),
(102, 'ARAKAWA', 'NOBORU', 'dumm_arakawa@gmail.com', '', 1, 'ｱﾗｶﾜ', 'ﾉﾎﾞﾙ', '荒川', '昇', '', 'JAPAN', '石川県立中央病院/放射線技師', '', '', 5, '5', '', '0000-00-00 00:00:00'),
(103, 'KITAI', 'TAKAAKI', 'dumykitai@gmail.com', '', 1, 'ｷﾀｲ', 'ﾀｶｱｷ', '北井', '孝明', '', 'JAPAN', '国家公務員共催組合連合会舞鶴共済病院/放射線技師', '', '', 5, '5', '', '0000-00-00 00:00:00');

-- --------------------------------------------------------

--
-- テーブルの構造 `evt_session_tbls`
--

CREATE TABLE IF NOT EXISTS `evt_session_tbls` (
  `id` int(11) NOT NULL auto_increment,
  `sessionNo` tinyint(2) NOT NULL default '0',
  `begin` time NOT NULL default '00:00:00',
  `duration` int(5) NOT NULL default '0',
  `sessionTitle` varchar(300) NOT NULL default '',
  `cosponsor` varchar(100) NOT NULL default '',
  `chair` varchar(200) NOT NULL default '',
  `moderator` varchar(500) NOT NULL default '',
  `speaker` varchar(200) NOT NULL default '',
  `interpreter` varchar(100) NOT NULL default '',
  `lectureTitle` varchar(300) NOT NULL default '',
  `venue` varchar(50) NOT NULL default '',
  `description` text NOT NULL,
  `changed` datetime NOT NULL default '0000-00-00 00:00:00',
  PRIMARY KEY  (`id`),
  UNIQUE KEY `sessionNo` (`sessionNo`)
) ENGINE=InnoDB  DEFAULT CHARSET=utf8 AUTO_INCREMENT=61 ;

--
-- テーブルのデータのダンプ `evt_session_tbls`
--

INSERT INTO `evt_session_tbls` (`id`, `sessionNo`, `begin`, `duration`, `sessionTitle`, `cosponsor`, `chair`, `moderator`, `speaker`, `interpreter`, `lectureTitle`, `venue`, `description`, `changed`) VALUES
(1, 0, '00:00:00', 0, '', '', '', '', '', '', '', '', '', '0000-00-00 00:00:00'),
(2, 1, '10:00:00', 120, 'EndoVascular Therapy for Superficial Femoral Artery', '', '曽我 芳光, 安藤 弘', '', '', '', '', '', '', '2016-08-24 13:15:42'),
(3, 2, '10:00:00', 35, 'Video Live: ', '', '未定', '', '川崎 大三', '', '最適なSFA stenting', '', '', '2016-08-24 13:27:35'),
(4, 3, '10:35:00', 20, 'Lecture:', '', '未定', '', '曾我 芳光', '', 'SFA stentの使い分け', '', '', '2016-08-24 13:27:56'),
(5, 4, '10:55:00', 20, 'Lecture:', '', '未定', '', '安藤 弘', '', 'DCB+atherectomy', '', '', '2016-08-24 13:28:18'),
(6, 5, '11:15:00', 35, 'Video Live: ', '', '未定', '', '横井 良明', '', 'Outback', '', '', '2016-08-24 13:28:31'),
(7, 6, '12:00:00', 60, 'Luncheon Seminar', 'Cordis Japan, Boston Scientific Japan', '松実 純也', '', '', '', '新たなEVT用Device', '', '', '2016-08-24 13:30:55'),
(8, 7, '12:00:00', 30, 'Lecture:', 'Cordis Japan', '未定', '', '山本 義人', '', 'Outback', '', '', '2016-08-24 13:28:49'),
(9, 8, '12:30:00', 30, 'Lecture:', 'Boston Scientific Japan', '未定', '', '未定', '', 'Eluvia', '', '', '2016-08-24 13:29:04'),
(10, 9, '13:00:00', 120, 'EndoVascular Therapy for Critical Limb Ischemia', '', '寺井 英伸、飛田 一樹', '', '', '', '', '', '', '2016-08-24 13:34:14'),
(11, 10, '13:00:00', 20, 'Lecture: ', '', '未定', '', '横井 良明', '', '解剖+造影', '', '', '2016-08-24 13:27:15'),
(12, 11, '13:20:00', 35, 'Video Live:', '', '未定', '', '宮本 明', '', 'EVT for CLI', '', '', '2016-08-24 13:29:56'),
(13, 12, '13:55:00', 20, 'Lecture:', '', '未定', '', '飛田 一樹', '', 'DeviceとWireの選択', '', '', '2016-08-24 13:31:50'),
(14, 13, '14:15:00', 35, 'Video Live:', '', '未定', '', '平野 敬典', '', 'EVT for CLI', '', '', '2016-08-24 13:32:52'),
(15, 14, '15:00:00', 120, 'EndoVascular Therapy for Critical Limb Ischemia', '', '竹下 聡、横井 良明', '', '', '', '', '', '', '2016-08-24 13:34:24'),
(16, 15, '15:00:00', 20, 'Lecture:', '', '未定', '', '安藤 弘', '', '動脈穿刺', '', '', '2016-08-24 13:35:10'),
(17, 16, '15:20:00', 35, 'Video Live:', '', '未定', '', '松実 純也', '', 'EVT for CLI', '', '', '2016-08-24 13:36:08'),
(18, 17, '15:55:00', 20, 'Lecture:', '', '未定', '', '宮本 明', '', '合併症', '', '', '2016-08-24 15:20:30'),
(19, 18, '16:15:00', 35, 'Video Live:', '', '未定', '', '安藤 弘', '', 'EVT for CLI', '', '', '2016-08-24 13:37:06'),
(20, 19, '00:00:00', 0, '', '', '', '', '', '', '', '', '', '0000-00-00 00:00:00'),
(21, 20, '00:00:00', 0, '', '', '', '', '', '', '', '', '', '0000-00-00 00:00:00'),
(22, 21, '00:00:00', 0, '', '', '', '', '', '', '', '', '', '0000-00-00 00:00:00'),
(23, 22, '00:00:00', 0, '', '', '', '', '', '', '', '', '', '0000-00-00 00:00:00'),
(24, 23, '00:00:00', 0, '', '', '', '', '', '', '', '', '', '0000-00-00 00:00:00'),
(25, 24, '00:00:00', 0, '', '', '', '', '', '', '', '', '', '0000-00-00 00:00:00'),
(26, 25, '00:00:00', 0, '', '', '', '', '', '', '', '', '', '0000-00-00 00:00:00'),
(27, 26, '00:00:00', 0, '', '', '', '', '', '', '', '', '', '0000-00-00 00:00:00'),
(28, 27, '00:00:00', 0, '', '', '', '', '', '', '', '', '', '0000-00-00 00:00:00'),
(29, 28, '00:00:00', 0, '', '', '', '', '', '', '', '', '', '0000-00-00 00:00:00'),
(30, 29, '00:00:00', 0, '', '', '', '', '', '', '', '', '', '0000-00-00 00:00:00'),
(31, 30, '00:00:00', 0, '', '', '', '', '', '', '', '', '', '0000-00-00 00:00:00'),
(32, 31, '00:00:00', 0, '', '', '', '', '', '', '', '', '', '0000-00-00 00:00:00'),
(33, 32, '00:00:00', 0, '', '', '', '', '', '', '', '', '', '0000-00-00 00:00:00'),
(34, 33, '00:00:00', 0, '', '', '', '', '', '', '', '', '', '0000-00-00 00:00:00'),
(35, 34, '00:00:00', 0, '', '', '', '', '', '', '', '', '', '0000-00-00 00:00:00'),
(36, 35, '00:00:00', 0, '', '', '', '', '', '', '', '', '', '0000-00-00 00:00:00'),
(37, 36, '00:00:00', 0, '', '', '', '', '', '', '', '', '', '0000-00-00 00:00:00'),
(38, 37, '00:00:00', 0, '', '', '', '', '', '', '', '', '', '0000-00-00 00:00:00'),
(39, 38, '00:00:00', 0, '', '', '', '', '', '', '', '', '', '0000-00-00 00:00:00'),
(40, 39, '00:00:00', 0, '', '', '', '', '', '', '', '', '', '0000-00-00 00:00:00'),
(41, 40, '00:00:00', 0, '', '', '', '', '', '', '', '', '', '0000-00-00 00:00:00'),
(42, 41, '00:00:00', 0, '', '', '', '', '', '', '', '', '', '0000-00-00 00:00:00'),
(43, 42, '00:00:00', 0, '', '', '', '', '', '', '', '', '', '0000-00-00 00:00:00'),
(44, 43, '00:00:00', 0, '', '', '', '', '', '', '', '', '', '0000-00-00 00:00:00'),
(45, 44, '00:00:00', 0, '', '', '', '', '', '', '', '', '', '0000-00-00 00:00:00'),
(46, 45, '00:00:00', 0, '', '', '', '', '', '', '', '', '', '0000-00-00 00:00:00'),
(47, 46, '00:00:00', 0, '', '', '', '', '', '', '', '', '', '0000-00-00 00:00:00'),
(48, 47, '00:00:00', 0, '', '', '', '', '', '', '', '', '', '0000-00-00 00:00:00'),
(49, 48, '00:00:00', 0, '', '', '', '', '', '', '', '', '', '0000-00-00 00:00:00'),
(50, 49, '00:00:00', 0, '', '', '', '', '', '', '', '', '', '0000-00-00 00:00:00'),
(51, 50, '00:00:00', 0, '', '', '', '', '', '', '', '', '', '0000-00-00 00:00:00'),
(52, 51, '00:00:00', 0, '', '', '', '', '', '', '', '', '', '0000-00-00 00:00:00'),
(53, 52, '00:00:00', 0, '', '', '', '', '', '', '', '', '', '0000-00-00 00:00:00'),
(54, 53, '00:00:00', 0, '', '', '', '', '', '', '', '', '', '0000-00-00 00:00:00'),
(55, 54, '00:00:00', 0, '', '', '', '', '', '', '', '', '', '0000-00-00 00:00:00'),
(56, 55, '00:00:00', 0, '', '', '', '', '', '', '', '', '', '0000-00-00 00:00:00'),
(57, 56, '00:00:00', 0, '', '', '', '', '', '', '', '', '', '0000-00-00 00:00:00'),
(58, 57, '00:00:00', 0, '', '', '', '', '', '', '', '', '', '0000-00-00 00:00:00'),
(59, 58, '00:00:00', 0, '', '', '', '', '', '', '', '', '', '0000-00-00 00:00:00'),
(60, 59, '00:00:00', 0, '', '', '', '', '', '', '', '', '', '0000-00-00 00:00:00');

-- --------------------------------------------------------

--
-- テーブルの構造 `role_tbls`
--

CREATE TABLE IF NOT EXISTS `role_tbls` (
  `id` int(11) NOT NULL auto_increment,
  `dr_tbl_id` int(11) NOT NULL default '0',
  `role_kind` tinyint(2) NOT NULL default '0',
  `created` datetime NOT NULL default '0000-00-00 00:00:00',
  `sessionNo` int(11) NOT NULL default '0',
  `class` varchar(3) NOT NULL default '',
  PRIMARY KEY  (`id`),
  UNIQUE KEY `dr_tbl_id` (`dr_tbl_id`,`sessionNo`,`class`)
) ENGINE=InnoDB  DEFAULT CHARSET=utf8 AUTO_INCREMENT=205 ;

--
-- テーブルのデータのダンプ `role_tbls`
--

INSERT INTO `role_tbls` (`id`, `dr_tbl_id`, `role_kind`, `created`, `sessionNo`, `class`) VALUES
(1, 30, 1, '2016-08-27 06:18:52', 8, 'com'),
(2, 14, 3, '2016-08-27 06:19:16', 8, 'com'),
(3, 22, 1, '2016-08-27 06:55:13', 13, 'com'),
(4, 7, 1, '2016-08-27 07:02:19', 13, 'com'),
(5, 39, 1, '2016-08-27 07:05:24', 13, 'com'),
(6, 33, 1, '2016-08-27 13:02:29', 1, 'com'),
(7, 55, 1, '2016-08-27 13:02:45', 1, 'com'),
(8, 17, 3, '2016-08-27 15:01:18', 2, 'com'),
(9, 23, 3, '2016-08-27 15:01:51', 3, 'com'),
(10, 64, 3, '2016-08-27 15:03:44', 3, 'com'),
(11, 37, 1, '2016-08-27 15:07:43', 4, 'com'),
(12, 63, 1, '2016-08-27 15:07:55', 4, 'com'),
(13, 20, 1, '2016-08-27 15:08:08', 4, 'com'),
(14, 12, 1, '2016-08-27 15:08:21', 4, 'com'),
(15, 63, 1, '2016-08-27 15:09:32', 19, 'com'),
(16, 40, 1, '2016-08-27 15:09:49', 19, 'com'),
(17, 40, 3, '2016-08-28 06:29:42', 5, 'com'),
(18, 30, 3, '2016-08-28 06:29:51', 5, 'com'),
(19, 26, 3, '2016-08-28 06:30:16', 6, 'com'),
(20, 43, 3, '2016-08-28 06:30:32', 6, 'com'),
(23, 41, 3, '2016-08-28 06:31:46', 7, 'com'),
(24, 66, 3, '2016-08-28 06:32:03', 7, 'com'),
(25, 43, 3, '2016-08-28 06:32:19', 7, 'com'),
(26, 13, 1, '2016-08-28 08:59:33', 9, 'com'),
(27, 29, 1, '2016-08-28 08:59:52', 9, 'com'),
(28, 67, 1, '2016-08-28 09:00:08', 9, 'com'),
(29, 30, 1, '2016-08-28 09:01:33', 11, 'com'),
(30, 28, 1, '2016-08-28 09:01:55', 11, 'com'),
(31, 47, 3, '2016-08-28 10:25:10', 20, 'tri'),
(32, 48, 3, '2016-08-28 10:25:38', 7, 'tri'),
(33, 46, 3, '2016-08-28 10:27:41', 20, 'tri'),
(35, 27, 1, '2016-08-29 08:26:35', 1, 'evt'),
(41, 88, 3, '2016-08-30 15:50:43', 10, 'tri'),
(45, 33, 1, '2016-08-31 15:04:27', 2, 'com'),
(47, 55, 1, '2016-08-31 15:05:07', 3, 'com'),
(48, 33, 1, '2016-08-31 15:05:27', 3, 'com'),
(50, 59, 3, '2016-08-31 16:43:24', 5, 'tri'),
(51, 3, 3, '2016-09-01 10:48:16', 18, 'tri'),
(53, 55, 1, '2016-09-01 10:54:22', 2, 'com'),
(54, 3, 0, '2016-09-01 12:10:57', 0, 'tri'),
(56, 48, 1, '2016-09-01 18:01:21', 16, 'tri'),
(57, 10, 3, '2016-09-01 18:01:38', 16, 'tri'),
(58, 52, 1, '2016-09-01 18:05:31', 3, 'tri'),
(59, 54, 3, '2016-09-01 18:05:46', 3, 'tri'),
(60, 83, 3, '2016-09-02 08:11:20', 2, 'evt'),
(61, 58, 3, '2016-09-02 08:12:12', 5, 'evt'),
(62, 34, 1, '2016-09-02 08:12:38', 6, 'evt'),
(63, 26, 1, '2016-09-02 08:13:08', 9, 'evt'),
(64, 35, 1, '2016-09-02 08:13:20', 9, 'evt'),
(65, 58, 3, '2016-09-02 08:13:43', 10, 'evt'),
(66, 84, 3, '2016-09-02 08:14:03', 11, 'evt'),
(67, 35, 3, '2016-09-02 08:14:16', 12, 'evt'),
(68, 82, 3, '2016-09-02 08:14:38', 13, 'evt'),
(70, 58, 1, '2016-09-02 08:15:46', 14, 'evt'),
(71, 20, 1, '2016-09-02 08:15:59', 14, 'evt'),
(73, 27, 3, '2016-09-02 08:16:57', 18, 'evt'),
(74, 92, 1, '2016-09-02 10:54:51', 1, 'evt'),
(75, 27, 3, '2016-09-02 10:56:04', 15, 'evt'),
(76, 84, 3, '2016-09-02 10:56:21', 17, 'evt'),
(77, 34, 3, '2016-09-02 10:56:45', 16, 'evt'),
(78, 59, 3, '2016-09-15 14:41:14', 25, 'tri'),
(79, 53, 3, '2016-09-15 18:55:52', 23, 'tri'),
(80, 44, 5, '2016-09-16 00:00:00', 0, 'sec'),
(81, 45, 5, '2016-09-16 00:00:00', 0, 'sec'),
(82, 1, 6, '2016-09-16 00:00:00', 0, 'ope'),
(83, 36, 7, '2016-09-16 00:00:00', 0, 'ass'),
(84, 31, 7, '2016-09-16 00:00:00', 0, 'ass'),
(85, 34, 7, '2016-09-16 00:00:00', 0, 'ass'),
(86, 35, 7, '2016-09-16 00:00:00', 0, 'ass'),
(87, 42, 7, '2016-09-16 00:00:00', 0, 'ass'),
(88, 38, 7, '2016-09-16 00:00:00', 0, 'ass'),
(89, 95, 1, '2016-10-18 11:44:32', 7, 'tri'),
(90, 96, 3, '2016-10-18 11:44:49', 7, 'tri'),
(91, 46, 1, '2016-10-18 16:06:36', 2, 'tri'),
(92, 50, 1, '2016-10-18 16:06:54', 2, 'tri'),
(93, 49, 2, '2016-10-18 16:07:22', 2, 'tri'),
(94, 48, 2, '2016-10-18 16:07:37', 2, 'tri'),
(95, 52, 2, '2016-10-18 16:08:05', 2, 'tri'),
(96, 54, 2, '2016-10-18 16:08:21', 2, 'tri'),
(97, 51, 1, '2016-10-18 16:10:01', 4, 'tri'),
(98, 97, 1, '2016-10-18 16:13:23', 4, 'tri'),
(99, 47, 2, '2016-10-18 16:13:58', 4, 'tri'),
(100, 98, 2, '2016-10-18 16:15:31', 4, 'tri'),
(101, 59, 2, '2016-10-18 16:16:22', 4, 'tri'),
(102, 53, 2, '2016-10-18 16:16:45', 4, 'tri'),
(103, 50, 1, '2016-10-18 16:18:32', 6, 'tri'),
(104, 49, 1, '2016-10-18 16:18:47', 6, 'tri'),
(105, 46, 2, '2016-10-18 16:19:05', 6, 'tri'),
(106, 93, 2, '2016-10-18 16:19:27', 6, 'tri'),
(107, 93, 1, '2016-10-18 16:27:36', 9, 'tri'),
(108, 47, 1, '2016-10-18 16:27:53', 9, 'tri'),
(109, 49, 2, '2016-10-18 16:28:13', 9, 'tri'),
(110, 94, 2, '2016-10-18 16:28:34', 9, 'tri'),
(111, 99, 2, '2016-10-18 16:40:09', 9, 'tri'),
(112, 53, 2, '2016-10-18 16:40:41', 9, 'tri'),
(113, 56, 1, '2016-10-18 16:41:23', 11, 'tri'),
(114, 46, 1, '2016-10-18 16:41:35', 11, 'tri'),
(115, 51, 2, '2016-10-18 16:41:53', 11, 'tri'),
(116, 97, 2, '2016-10-18 16:42:13', 11, 'tri'),
(117, 98, 2, '2016-10-18 16:42:38', 11, 'tri'),
(118, 52, 2, '2016-10-18 16:42:55', 11, 'tri'),
(119, 54, 1, '2016-10-18 16:43:14', 13, 'tri'),
(120, 49, 1, '2016-10-18 16:43:29', 13, 'tri'),
(121, 47, 2, '2016-10-18 16:43:41', 13, 'tri'),
(122, 101, 2, '2016-10-18 16:43:55', 13, 'tri'),
(123, 100, 2, '2016-10-18 16:44:28', 13, 'tri'),
(124, 55, 2, '2016-10-18 16:44:42', 13, 'tri'),
(125, 98, 3, '2016-10-18 16:46:14', 12, 'tri'),
(126, 56, 2, '2016-10-18 17:15:27', 6, 'tri'),
(127, 55, 2, '2016-10-18 17:15:46', 6, 'tri'),
(128, 48, 1, '2016-10-18 20:06:11', 15, 'tri'),
(129, 52, 1, '2016-10-18 20:06:49', 15, 'tri'),
(130, 10, 1, '2016-10-18 20:07:02', 15, 'tri'),
(131, 50, 2, '2016-10-18 20:07:40', 15, 'tri'),
(132, 93, 2, '2016-10-18 20:07:58', 15, 'tri'),
(133, 94, 2, '2016-10-18 20:08:39', 15, 'tri'),
(134, 56, 2, '2016-10-18 20:08:57', 15, 'tri'),
(135, 46, 1, '2016-10-18 20:09:27', 17, 'tri'),
(136, 59, 1, '2016-10-18 20:09:48', 17, 'tri'),
(137, 3, 1, '2016-10-18 20:10:06', 17, 'tri'),
(138, 97, 2, '2016-10-18 20:10:46', 17, 'tri'),
(139, 99, 2, '2016-10-18 20:18:26', 17, 'tri'),
(140, 58, 2, '2016-10-18 20:18:46', 17, 'tri'),
(141, 52, 2, '2016-10-18 20:19:02', 17, 'tri'),
(142, 51, 1, '2016-10-18 20:19:58', 19, 'tri'),
(143, 56, 1, '2016-10-18 20:20:16', 19, 'tri'),
(144, 48, 2, '2016-10-18 20:20:43', 19, 'tri'),
(145, 100, 2, '2016-10-18 20:21:00', 19, 'tri'),
(146, 54, 2, '2016-10-18 20:21:16', 19, 'tri'),
(147, 53, 2, '2016-10-18 20:21:32', 19, 'tri'),
(148, 93, 1, '2016-10-18 20:22:04', 22, 'tri'),
(149, 55, 1, '2016-10-18 20:22:24', 22, 'tri'),
(150, 97, 2, '2016-10-18 20:22:43', 22, 'tri'),
(152, 101, 2, '2016-10-18 20:24:45', 22, 'tri'),
(153, 53, 2, '2016-10-18 20:25:06', 22, 'tri'),
(154, 52, 2, '2016-10-18 20:25:25', 22, 'tri'),
(155, 47, 1, '2016-10-18 20:26:03', 24, 'tri'),
(156, 54, 1, '2016-10-18 20:26:20', 24, 'tri'),
(157, 50, 2, '2016-10-18 20:26:41', 24, 'tri'),
(158, 94, 2, '2016-10-18 20:26:54', 24, 'tri'),
(159, 59, 2, '2016-10-18 20:27:11', 24, 'tri'),
(160, 58, 2, '2016-10-18 20:27:39', 24, 'tri'),
(161, 46, 1, '2016-10-18 20:28:02', 26, 'tri'),
(162, 56, 1, '2016-10-18 20:28:14', 26, 'tri'),
(163, 93, 2, '2016-10-18 20:28:29', 26, 'tri'),
(164, 48, 2, '2016-10-18 20:28:39', 26, 'tri'),
(165, 51, 2, '2016-10-18 20:28:52', 26, 'tri'),
(166, 55, 3, '2016-10-18 20:29:04', 26, 'tri'),
(167, 12, 1, '2016-10-20 17:48:10', 5, 'com'),
(168, 20, 1, '2016-10-20 17:48:26', 5, 'com'),
(169, 37, 1, '2016-10-20 17:48:37', 5, 'com'),
(170, 63, 1, '2016-10-20 17:48:47', 5, 'com'),
(171, 12, 1, '2016-10-20 17:49:53', 6, 'com'),
(172, 20, 1, '2016-10-20 17:50:05', 6, 'com'),
(173, 37, 1, '2016-10-20 17:50:15', 6, 'com'),
(174, 63, 1, '2016-10-20 17:50:25', 6, 'com'),
(175, 12, 1, '2016-10-20 17:52:30', 7, 'com'),
(176, 20, 1, '2016-10-20 17:53:12', 7, 'com'),
(177, 37, 1, '2016-10-20 17:53:23', 7, 'com'),
(178, 63, 1, '2016-10-20 17:53:32', 7, 'com'),
(181, 2, 1, '2016-10-20 18:06:27', 4, 'tri'),
(182, 7, 1, '2016-10-20 18:06:49', 2, 'tri'),
(183, 7, 1, '2016-10-20 18:07:32', 5, 'tri'),
(185, 4, 1, '2016-10-20 18:09:02', 9, 'tri'),
(186, 5, 1, '2016-10-20 18:09:46', 10, 'tri'),
(187, 6, 1, '2016-10-20 18:10:16', 11, 'tri'),
(188, 8, 1, '2016-10-20 18:13:12', 12, 'tri'),
(189, 9, 1, '2016-10-20 18:13:30', 13, 'tri'),
(190, 16, 1, '2016-10-20 18:17:12', 6, 'tri'),
(191, 18, 1, '2016-10-20 18:18:20', 18, 'tri'),
(192, 19, 1, '2016-10-20 18:19:19', 19, 'tri'),
(193, 11, 1, '2016-10-20 18:22:29', 20, 'tri'),
(194, 24, 1, '2016-10-20 18:23:04', 20, 'tri'),
(195, 32, 1, '2016-10-20 18:23:38', 20, 'tri'),
(197, 23, 1, '2016-10-20 18:25:46', 23, 'tri'),
(199, 17, 1, '2016-10-20 18:29:38', 24, 'tri'),
(200, 15, 1, '2016-10-20 18:30:26', 25, 'tri'),
(202, 22, 1, '2016-10-20 18:32:48', 22, 'tri'),
(203, 33, 1, '2016-10-20 18:33:33', 26, 'tri'),
(204, 21, 3, '2016-10-20 18:34:11', 26, 'tri');

-- --------------------------------------------------------

--
-- テーブルの構造 `session_tbls`
--

CREATE TABLE IF NOT EXISTS `session_tbls` (
  `id` int(11) NOT NULL auto_increment,
  `sessionNo` tinyint(2) NOT NULL default '0',
  `begin` time NOT NULL default '00:00:00',
  `duration` int(5) NOT NULL default '0',
  `sessionTitle` varchar(300) NOT NULL default '',
  `cosponsor` varchar(100) NOT NULL default '',
  `chair` varchar(200) NOT NULL default '',
  `moderator` varchar(500) NOT NULL default '',
  `speaker` varchar(200) NOT NULL default '',
  `interpreter` varchar(100) NOT NULL default '',
  `lectureTitle` varchar(300) NOT NULL default '',
  `venue` varchar(50) NOT NULL default '',
  `description` text NOT NULL,
  `changed` datetime NOT NULL default '0000-00-00 00:00:00',
  `class` varchar(3) NOT NULL default 'tri',
  PRIMARY KEY  (`id`)
) ENGINE=InnoDB  DEFAULT CHARSET=utf8 AUTO_INCREMENT=411 ;

--
-- テーブルのデータのダンプ `session_tbls`
--

INSERT INTO `session_tbls` (`id`, `sessionNo`, `begin`, `duration`, `sessionTitle`, `cosponsor`, `chair`, `moderator`, `speaker`, `interpreter`, `lectureTitle`, `venue`, `description`, `changed`, `class`) VALUES
(1, 0, '00:00:00', 0, '', '', '', '', '', '', '', '', '', '0000-00-00 00:00:00', 'com'),
(2, 1, '09:00:00', 60, 'コメディカル教育講演', '', '未定', '', '', '', '', '日石ホール', 'この機会に経橈骨動脈的冠動脈インターベンションと、経カテーテル的大動脈弁植え込み術の最新知識を学びましょう', '2016-09-01 10:38:53', 'com'),
(3, 2, '09:00:00', 30, 'コメディカル教育講演 (1)', '', '未定', '', '', '', 'ここまで分かったTRIの真実', '日石ホール', 'TRIが生まれたのは、1991年のことでした　日本ではそれから 4年遅れ導入され、世界のTRIをリードしています　現在では日本発の技術や機器を用いて、世界があっと驚くようなTRIが行われています　その最先端を走っておられる吉町先生にTRIの最先端知識をお話して頂きます', '2016-09-01 10:54:48', 'com'),
(4, 3, '09:30:00', 30, 'コメディカル教育講演２', '', '未定', '', '', '', 'プロジェクトTAVI〜挑戦者たち〜（市立函館病院）TAVI導入までの軌跡', '日石ホール', '日本でTAVIが本格的にはじまって３年。これまでもいろいろな機会を通じてTAVIのことは聞いてきました。しかし。どのようなプロセスでTAVIを導入していったか、そしてそれにコメディカルがどのように関わっていたか？そんな話を聞いてみたいです。\r\n２０１３年のクリスマス、齋藤滋先生が函館を訪問されました。そして、その夜、院内講演をされました。それから動きだした市立函館病院TAVIプロジェクト。齋藤滋先生のご指導のもと、ついに本年3月24日にTAVIの一例目を施行された市立函館病院のTAVI導入までの軌跡を解説していただきます。', '2016-08-31 15:31:29', 'com'),
(5, 4, '10:00:00', 120, 'Battle Talk: Youは何しに横浜に?', '', '未定', '', '', '', '', '日石ホール', 'みなさん本音で語り、意見をぶつけあいましょう　それが可能なのが鎌倉ライブです', '2016-08-28 13:27:42', 'com'),
(6, 5, '10:00:00', 30, 'Battle Talk (1)', '', '未定', '', '中津智子、泉川卓也', '', '誰がするの? 生活習慣指導', '日石ホール', '生活習慣の改善は、虚血性心疾患の治療の効果を最大限に発揮することに大きく貢献するといわれています。しかし、多くの患者様にとって、ご自分で正しい知識を入手し、理想的な生活習慣を実行することは難しいのが現状です。そこで自己管理能力を高めるのに、その専門の知識をもった医療者の介入が必要となります。外来では主に医師が診療時間の中で対応していますが、医師のみでその役割を担うことは難しく、コメディカルの協力が重要となります。しかし、その際、連携がスムーズに行かないと患者様に対する医師の発言が、その後の生活指導を行う看護師や管理栄養士の業務に支障をきたすことも経験されます。このセッションでは生活習慣指導における、医師、コメディカルの連携の問題点に鋭く迫り、解決策を模索したいと思います。', '2016-08-27 10:01:05', 'com'),
(7, 6, '10:30:00', 40, 'Battle Talk (2)', '', '未定', '', '寺井英伸、塚野雅幸', '', 'ゆとりですが何か?', '日石ホール', 'ゆとり世代の特徴として挙げらるのは、主に３つ。\r\n１．怒られることに慣れていなくって、ストレス耐性が低い。\r\n２．指示待ち人間で、自分から積極的に動こうとしない。\r\n３．プライベートを優先し、会社の飲み会などには参加しない。\r\nこのような世代がカテ室で中心的に働く時代に、指導的立場の人はどうしたらいいのか。\r\n塚野雅幸さんにはゆとり世代の立場を代弁してもらいます。寺井英伸先生には反論をお願いします。もう一人ゆとり世代のコメディカル、またはメディカルに発言していただきます', '2016-08-27 18:17:28', 'com'),
(8, 7, '11:10:00', 50, 'Battle Talk (3)', '', '未定', '', '羽田哲也、時津直史、島袋朋子、岩澤亜矢子、塚野雅幸', '', '緊急時におけるスタッフの役割', '日石ホール', 'カテーテル検査室では、患者様の生命の危機に際して、それぞれのスタッフに明確な役割分担の決まりごとはありません。出たとこ勝負で解決していることがほとんどだと思います。資格によって仕事が分化されていることは、通常のカテーテル有効に機能しています。しかし、緊急時にかえってそれが妨げとなることもあります。全員がひとつの目標に向かって（保安要員として）機能していくためには、各職種間での一定のコンセンサスが必要と思います。このセッションでは医師、看護師、放射技師、臨床工学技士、臨床検査技師、それぞれ選出して、緊急PCI時にどの様に動くかを話しあい、その結果を鎌倉スタイルとして全国発信することを目指したいと思います。', '2016-08-27 18:17:04', 'com'),
(9, 8, '12:00:00', 60, 'Luncheon Seminar', '第一三共株式会社', '未定', '', '高橋玲比古', '', 'ツーリスト心電図セミナー', '日石ホール', '本にはなったけど　(心電図と心臓カテーテル 15の落とし穴：照林社　2013刊)・・・いつまでやるの？マンネリ化も囁かれながらも毎年開催されている心電図セミナー', '2016-08-28 13:27:22', 'com'),
(10, 9, '13:00:00', 90, '一枚の写真', '', '未定', '', '', '', '', '日石ホール', '心臓血管領域の驚きの画像(静止画・動画）を募集いたします。 珍しい疾患、合併症、成功例、チャンピオンデーターなどなど、なんでもOKですし、 CT, MRI, アンギオなどの種類も問いません。', '2016-08-28 13:26:44', 'com'),
(11, 10, '13:00:00', 90, '一枚の写真', '', '未定', '', '公募します', '', '一枚の写真が全てを物語る', '', '心臓血管領域の驚きの画像(静止画・動画）を募集いたします。 珍しい疾患、合併症、成功例、チャンピオンデーターなどなど、なんでもOKですし、 CT, MRI, アンギオなどの種類も問いません。 発表形式はPCでのスライドプレゼンテーション（2, 3枚）です。簡単な説明をプレゼンして頂きたいと思います。一枚の写真をテーマに　それぞれ 3分という短い時間内で最高のスキルで発表して下さい', '2016-08-16 08:50:26', 'com'),
(12, 11, '14:30:00', 30, 'ポスター・セッション', '', '未定', '', '', '', '公募', '日石ホール', 'TRIが日本に導入されて20年以上が経過しました。皆様のご施設でTRIの関する工夫、症例、研究などをポスターにしてみんなに見てもらいませんか？。発表時間はありません。コーヒーを飲みながら、みなさんとポスターの前で、おしゃべりをしましょう。', '2016-08-28 13:26:18', 'com'),
(13, 12, '14:30:00', 30, 'ポスターセッション', '', '未定', '', '公募します', '', '', '日石ホール', 'TRIが日本に導入されて20年以上が経過しました。皆様のご施設でTRIの関する工夫、症例、研究などをポスターにしてみんなに見てもらいませんか？。発表時間はありません。コーヒーを飲みながら、みなさんとポスターの前で、おしゃべりをしましょう。', '2016-08-27 10:01:56', 'com'),
(14, 13, '15:00:00', 60, '腕自慢 - あなたの施設のTRI：ACS編', '', '未定', '', '公募中です。　　公募演題募集要項をご参照下さい。　ご応募お待ちしております。', '', '', '日石ホール', 'TRIは出血性合併症の低減のみならず、患者様の苦痛の軽減や術後管理の効率化に繋がっていることは周知されています。2015年のヨーロッパ心臓病学会のガイドラインでは、ACSに対するTRIはエビデンスレベルIAとされています。本セッションでは各施設でのACSにおけるTRIの自慢や不満、工夫、長所や短所などをご発表頂ける方々を募集しております。その中から5題を選抜し、参加者の皆さんと一緒にACSに対するTRIを考えるセッションです。\r\n※現在演題を公募中です。詳細は演題募集要項をご参照下さい。またご不明な点がございましたらメールにてお気軽にお問い合わせ下さい。　　　　　　　　　　　　　　　　　　　　　　　　　　　　　　　　　（アドレス　kamakurakomekome2016@yahoo.co.jp）\r\n ', '2016-08-27 10:29:35', 'com'),
(15, 14, '00:00:00', 0, '', '', '', '', '', '', '', '', '', '0000-00-00 00:00:00', 'com'),
(16, 15, '00:00:00', 0, '', '', '', '', '', '', '', '', '', '0000-00-00 00:00:00', 'com'),
(17, 16, '00:00:00', 0, '', '', '', '', '', '', '', '', '', '0000-00-00 00:00:00', 'com'),
(18, 17, '00:00:00', 0, '', '', '', '', '', '', '', '', '', '0000-00-00 00:00:00', 'com'),
(19, 18, '00:00:00', 0, '', '', '', '', '', '', '', '', '', '0000-00-00 00:00:00', 'com'),
(20, 19, '16:00:00', 10, '優秀ポスター発表', '', '未定', '', '遠山愼一、中津智子', '', '', '日石ホール', '厳正なる審査の結果選ばれた、優秀演題を発表します。\r\n', '2016-08-28 13:25:19', 'com'),
(21, 20, '00:00:00', 0, '', '', '', '', '', '', '', '', '', '0000-00-00 00:00:00', 'com'),
(22, 21, '00:00:00', 0, '', '', '', '', '', '', '', '', '', '0000-00-00 00:00:00', 'com'),
(23, 22, '00:00:00', 0, '', '', '', '', '', '', '', '', '', '0000-00-00 00:00:00', 'com'),
(24, 23, '00:00:00', 0, '', '', '', '', '', '', '', '', '', '0000-00-00 00:00:00', 'com'),
(25, 24, '00:00:00', 0, '', '', '', '', '', '', '', '', '', '0000-00-00 00:00:00', 'com'),
(26, 25, '00:00:00', 0, '', '', '', '', '', '', '', '', '', '0000-00-00 00:00:00', 'com'),
(27, 26, '00:00:00', 0, '', '', '', '', '', '', '', '', '', '0000-00-00 00:00:00', 'com'),
(28, 27, '00:00:00', 0, '', '', '', '', '', '', '', '', '', '0000-00-00 00:00:00', 'com'),
(29, 28, '00:00:00', 0, '', '', '', '', '', '', '', '', '', '0000-00-00 00:00:00', 'com'),
(30, 29, '00:00:00', 0, '', '', '', '', '', '', '', '', '', '0000-00-00 00:00:00', 'com'),
(31, 1, '09:30:00', 210, 'TRI focusing on FFR/OCT (BRS?)', 'Abbott Vascular, St Jude Medical, Boston Scientific Japan', '未定', '', '', '', '', 'はまぎんホール', '', '2016-08-14 14:45:09', 'tri'),
(32, 2, '09:30:00', 75, 'TRI Focusing on FFR/OCT', '', '未定', '', '', '', '', '', '', '2016-08-16 15:00:32', 'tri'),
(33, 3, '10:30:00', 15, 'Boston Mini Lecture', 'Boston Scientific', '', '', '', '', 'COMET Performance overview（仮）', '', '', '2016-09-01 18:05:12', 'tri'),
(34, 4, '10:45:00', 75, 'TRI Focusing on FFR/OCT', '', '未定', '', '', '', '', '', '', '2016-08-16 15:01:33', 'tri'),
(35, 5, '11:45:00', 15, 'St. Jude Medical Mini Lecture', 'St. Jude Medical', '', '', '', '', 'OCTを活かしたBRS留置', 'Hamagin Hall', 'OCTを使用したライブにおきまして「OCTを活かしたBRS留置」あるいは、「OCTを活かした分岐部病変の治療」など、村松先生の得意分野でお願いします。', '2016-08-31 17:01:46', 'tri'),
(36, 6, '12:00:00', 60, 'TRI Focusing on FFR/OCT', '', '未定', '', '', '', '', '', '', '2016-08-16 15:02:05', 'tri'),
(37, 7, '13:00:00', 60, 'Luncheon Seminar', 'Abbott Vascular Japan', '未定', '', 'Chiung Jen Wu', '', 'BVS Real World', 'はまぎんホール', '', '2016-08-16 15:04:31', 'tri'),
(38, 8, '14:00:00', 210, 'TRI focusing on Slender PCI', 'Kaneka, Japan Life Line, ASAHI Intecc, TERUMO', '', '', '', '', '', '', '', '2016-10-18 11:41:10', 'tri'),
(39, 9, '14:00:00', 75, 'TRI Focusing on Slender PCI', '', '未定', '', '', '', '', '', '', '2016-08-16 15:50:19', 'tri'),
(40, 10, '15:00:00', 15, 'Japan Life Line Mini Lecture', 'Japan Life Line', '', '', '', '', 'Successful PCI in combination with OCT and GuideLiner V3', 'Hamagin Hall', 'OCT使用時でのGuideLIner使用による利便性と応用', '2016-08-31 17:02:46', 'tri'),
(41, 11, '15:15:00', 75, 'TRI Focusing on Slender PCI', '', '未定', '', '', '', '', '', '', '2016-08-16 15:50:52', 'tri'),
(42, 12, '16:15:00', 15, 'xxx', 'Volcano', '', '', '', '', '', '', '', '2016-10-18 16:57:44', 'tri'),
(43, 13, '16:30:00', 60, 'TRI Focusing on Slender PCI', '', '未定', '', '', '', '', '', '', '2016-08-16 15:51:42', 'tri'),
(44, 14, '09:00:00', 210, 'TRI Focusing on CTO', 'ASAHI Intecc, Boston Scientific, Medtronic, TERUMO', '未定', '', '', '', '', '', '', '2016-08-16 15:28:40', 'tri'),
(45, 15, '09:00:00', 75, 'TRI Focusing on CTO', '', '未定', '', '', '', '', '', '', '2016-08-16 15:53:23', 'tri'),
(46, 16, '10:00:00', 15, 'Boston Mini Lecture', 'Boston Scientific', '', '', '', '', 'SYNERGY　Clinical Update（仮）', '', '', '2016-09-01 18:02:34', 'tri'),
(47, 17, '10:15:00', 75, 'TRI Focusing on CTO', '', '未定', '', '', '', '', '', '', '2016-08-16 15:54:01', 'tri'),
(48, 18, '11:15:00', 15, 'Medtronic Mini Lecture', 'Medtronic', '', '', '', '', 'Experience in the bifurcation lesions with the Resolute Integrity(tentative)', 'Hamagin Hall', '', '2016-09-01 10:49:30', 'tri'),
(49, 19, '11:30:00', 60, 'TRI Focusing on CTO', '', '未定', '', '', '', '', '', '', '2016-08-16 15:54:59', 'tri'),
(50, 20, '12:30:00', 60, 'Luncheon Seminar', 'Terumo', '未定', '', 'Ferdinand Kiemeneij, Adel Aminian', '', 'How to proceed daily practice -Intuition/spontaneity or inference/allogenic- （仮）  ', 'はまぎんホール', '', '2016-08-16 15:16:42', 'tri'),
(51, 21, '13:30:00', 210, 'TRI focusing on Bifurcation (DCA?)', 'Nipro, Medtronic, Goodman, Kaneka Medix', '未定', '', '', '', '', '', '', '2016-08-18 12:25:39', 'tri'),
(52, 22, '13:30:00', 75, 'TRI Focusing on Bifurcation (DCA?)', '', '未定', '', '', '', '', '', '', '2016-08-16 15:56:47', 'tri'),
(53, 23, '14:30:00', 15, 'Nipro/Goodman Mini Lecture', 'Nipro/Goodman', '', '', '', '', 'Bifurcationを関係とするDCB', 'Hamagin Hall', 'Bifurcationを関係とするDCBを絡めた発表を予定＋時間があればDCAも絡める予定　\r\n　　', '2016-10-20 18:27:57', 'tri'),
(54, 24, '14:45:00', 75, 'TRI Focusing on Bifurcation (DCA?)', '', '未定', '', '', '', '', '', '', '2016-08-16 15:57:21', 'tri'),
(55, 25, '15:45:00', 15, 'Kaneka Medix Mini Lecture', 'Kaneka Medix', '未定', '', '', '', '', '', '', '2016-08-18 12:25:13', 'tri'),
(56, 26, '16:00:00', 60, 'TRI Focusing on Bifurcation (DCA?)', '', '未定', '', '', '', '', '', '', '2016-08-16 15:57:59', 'tri'),
(57, 27, '00:00:00', 0, '', '', '', '', '', '', '', '', '', '0000-00-00 00:00:00', 'tri'),
(58, 28, '00:00:00', 0, '', '', '', '', '', '', '', '', '', '0000-00-00 00:00:00', 'tri'),
(59, 29, '00:00:00', 0, '', '', '', '', '', '', '', '', '', '0000-00-00 00:00:00', 'tri'),
(60, 30, '00:00:00', 0, '', '', '', '', '', '', '', '', '', '0000-00-00 00:00:00', 'tri'),
(61, 31, '00:00:00', 0, '', '', '', '', '', '', '', '', '', '0000-00-00 00:00:00', 'tri'),
(62, 32, '00:00:00', 0, '', '', '', '', '', '', '', '', '', '0000-00-00 00:00:00', 'tri'),
(63, 33, '00:00:00', 0, '', '', '', '', '', '', '', '', '', '0000-00-00 00:00:00', 'tri'),
(64, 34, '00:00:00', 0, '', '', '', '', '', '', '', '', '', '0000-00-00 00:00:00', 'tri'),
(65, 35, '00:00:00', 0, '', '', '', '', '', '', '', '', '', '0000-00-00 00:00:00', 'tri'),
(66, 36, '00:00:00', 0, '', '', '', '', '', '', '', '', '', '0000-00-00 00:00:00', 'tri'),
(67, 37, '00:00:00', 0, '', '', '', '', '', '', '', '', '', '0000-00-00 00:00:00', 'tri'),
(68, 38, '00:00:00', 0, '', '', '', '', '', '', '', '', '', '0000-00-00 00:00:00', 'tri'),
(69, 39, '00:00:00', 0, '', '', '', '', '', '', '', '', '', '0000-00-00 00:00:00', 'tri'),
(70, 40, '00:00:00', 0, '', '', '', '', '', '', '', '', '', '0000-00-00 00:00:00', 'tri'),
(71, 41, '00:00:00', 0, '', '', '', '', '', '', '', '', '', '0000-00-00 00:00:00', 'tri'),
(72, 42, '00:00:00', 0, '', '', '', '', '', '', '', '', '', '0000-00-00 00:00:00', 'tri'),
(73, 43, '00:00:00', 0, '', '', '', '', '', '', '', '', '', '0000-00-00 00:00:00', 'tri'),
(74, 44, '00:00:00', 0, '', '', '', '', '', '', '', '', '', '0000-00-00 00:00:00', 'tri'),
(75, 45, '00:00:00', 0, '', '', '', '', '', '', '', '', '', '0000-00-00 00:00:00', 'tri'),
(76, 46, '00:00:00', 0, '', '', '', '', '', '', '', '', '', '0000-00-00 00:00:00', 'tri'),
(77, 47, '00:00:00', 0, '', '', '', '', '', '', '', '', '', '0000-00-00 00:00:00', 'tri'),
(78, 48, '00:00:00', 0, '', '', '', '', '', '', '', '', '', '0000-00-00 00:00:00', 'tri'),
(79, 49, '00:00:00', 0, '', '', '', '', '', '', '', '', '', '0000-00-00 00:00:00', 'tri'),
(80, 50, '00:00:00', 0, '', '', '', '', '', '', '', '', '', '0000-00-00 00:00:00', 'tri'),
(81, 51, '00:00:00', 0, '', '', '', '', '', '', '', '', '', '0000-00-00 00:00:00', 'tri'),
(82, 52, '00:00:00', 0, '', '', '', '', '', '', '', '', '', '0000-00-00 00:00:00', 'tri'),
(83, 53, '00:00:00', 0, '', '', '', '', '', '', '', '', '', '0000-00-00 00:00:00', 'tri'),
(84, 54, '00:00:00', 0, '', '', '', '', '', '', '', '', '', '0000-00-00 00:00:00', 'tri'),
(85, 55, '00:00:00', 0, '', '', '', '', '', '', '', '', '', '0000-00-00 00:00:00', 'tri'),
(86, 56, '00:00:00', 0, '', '', '', '', '', '', '', '', '', '0000-00-00 00:00:00', 'tri'),
(87, 57, '00:00:00', 0, '', '', '', '', '', '', '', '', '', '0000-00-00 00:00:00', 'tri'),
(88, 58, '00:00:00', 0, '', '', '', '', '', '', '', '', '', '0000-00-00 00:00:00', 'tri'),
(89, 59, '00:00:00', 0, '', '', '', '', '', '', '', '', '', '0000-00-00 00:00:00', 'tri'),
(90, 60, '00:00:00', 0, '', '', '', '', '', '', '', '', '', '0000-00-00 00:00:00', 'tri'),
(91, 61, '00:00:00', 0, '', '', '', '', '', '', '', '', '', '0000-00-00 00:00:00', 'tri'),
(92, 62, '00:00:00', 0, '', '', '', '', '', '', '', '', '', '0000-00-00 00:00:00', 'tri'),
(93, 63, '00:00:00', 0, '', '', '', '', '', '', '', '', '', '0000-00-00 00:00:00', 'tri'),
(94, 64, '00:00:00', 0, '', '', '', '', '', '', '', '', '', '0000-00-00 00:00:00', 'tri'),
(95, 65, '00:00:00', 0, '', '', '', '', '', '', '', '', '', '0000-00-00 00:00:00', 'tri'),
(96, 66, '00:00:00', 0, '', '', '', '', '', '', '', '', '', '0000-00-00 00:00:00', 'tri'),
(97, 67, '00:00:00', 0, '', '', '', '', '', '', '', '', '', '0000-00-00 00:00:00', 'tri'),
(98, 68, '00:00:00', 0, '', '', '', '', '', '', '', '', '', '0000-00-00 00:00:00', 'tri'),
(99, 69, '00:00:00', 0, '', '', '', '', '', '', '', '', '', '0000-00-00 00:00:00', 'tri'),
(100, 70, '00:00:00', 0, '', '', '', '', '', '', '', '', '', '0000-00-00 00:00:00', 'tri'),
(101, 71, '00:00:00', 0, '', '', '', '', '', '', '', '', '', '0000-00-00 00:00:00', 'tri'),
(102, 72, '00:00:00', 0, '', '', '', '', '', '', '', '', '', '0000-00-00 00:00:00', 'tri'),
(103, 73, '00:00:00', 0, '', '', '', '', '', '', '', '', '', '0000-00-00 00:00:00', 'tri'),
(104, 74, '00:00:00', 0, '', '', '', '', '', '', '', '', '', '0000-00-00 00:00:00', 'tri'),
(105, 75, '00:00:00', 0, '', '', '', '', '', '', '', '', '', '0000-00-00 00:00:00', 'tri'),
(106, 76, '00:00:00', 0, '', '', '', '', '', '', '', '', '', '0000-00-00 00:00:00', 'tri'),
(107, 77, '00:00:00', 0, '', '', '', '', '', '', '', '', '', '0000-00-00 00:00:00', 'tri'),
(108, 78, '00:00:00', 0, '', '', '', '', '', '', '', '', '', '0000-00-00 00:00:00', 'tri'),
(109, 79, '00:00:00', 0, '', '', '', '', '', '', '', '', '', '0000-00-00 00:00:00', 'tri'),
(110, 80, '00:00:00', 0, '', '', '', '', '', '', '', '', '', '0000-00-00 00:00:00', 'tri'),
(111, 81, '00:00:00', 0, '', '', '', '', '', '', '', '', '', '0000-00-00 00:00:00', 'tri'),
(112, 82, '00:00:00', 0, '', '', '', '', '', '', '', '', '', '0000-00-00 00:00:00', 'tri'),
(113, 83, '00:00:00', 0, '', '', '', '', '', '', '', '', '', '0000-00-00 00:00:00', 'tri'),
(114, 84, '00:00:00', 0, '', '', '', '', '', '', '', '', '', '0000-00-00 00:00:00', 'tri'),
(115, 85, '00:00:00', 0, '', '', '', '', '', '', '', '', '', '0000-00-00 00:00:00', 'tri'),
(116, 86, '00:00:00', 0, '', '', '', '', '', '', '', '', '', '0000-00-00 00:00:00', 'tri'),
(117, 87, '00:00:00', 0, '', '', '', '', '', '', '', '', '', '0000-00-00 00:00:00', 'tri'),
(118, 88, '00:00:00', 0, '', '', '', '', '', '', '', '', '', '0000-00-00 00:00:00', 'tri'),
(119, 89, '00:00:00', 0, '', '', '', '', '', '', '', '', '', '0000-00-00 00:00:00', 'tri'),
(120, 0, '00:00:00', 0, '', '', '', '', '', '', '', '', '', '0000-00-00 00:00:00', 'evt'),
(121, 1, '10:00:00', 120, 'Endovascular Therapy for Superficial Femoral Artery', '', '', '', '', '', '', '', '', '2016-09-02 10:55:14', 'evt'),
(122, 2, '10:00:00', 35, 'Video Live: ', '', '未定', '', '川崎 大三', '', '最適なSFA stenting', '', '', '2016-08-24 13:27:35', 'evt'),
(123, 3, '10:35:00', 20, 'Lecture:', '', '未定', '', '曾我 芳光', '', 'SFA stentの使い分け', '', '', '2016-08-24 13:27:56', 'evt'),
(124, 4, '10:55:00', 20, 'Lecture:', '', '未定', '', '安藤 弘', '', 'DCB+atherectomy', '', '', '2016-08-24 13:28:18', 'evt'),
(125, 5, '11:15:00', 35, 'Video Live: ', '', '未定', '', '横井 良明', '', 'Outback', '', '', '2016-08-24 13:28:31', 'evt'),
(126, 6, '12:00:00', 60, 'Luncheon Seminar', 'Cordis Japan, Boston Scientific Japan', '', '', '', '', 'New device for SFA', '', 'femoro-popliteal領域のnew deviceの紹介をテーマとしております。', '2016-09-02 10:54:37', 'evt'),
(127, 7, '12:00:00', 30, 'Luncheon Seminar 1:', 'Cordis Japan', '', '', '', '', 'Reentry device Outback', '', '', '2016-09-02 10:53:49', 'evt'),
(128, 8, '12:30:00', 30, 'Luncheon Seminar 2:', 'Boston Scientific Japan', '', '', '', '', 'INNOVAと今後のstentへの期待', '', '', '2016-09-02 10:52:24', 'evt'),
(129, 9, '13:00:00', 120, 'EndoVascular Therapy for Critical Limb Ischemia', '', '寺井 英伸、飛田 一樹', '', '', '', '', '', '', '2016-08-24 13:34:14', 'evt'),
(130, 10, '13:00:00', 20, 'Lecture: ', '', '未定', '', '横井 良明', '', '解剖+造影', '', '', '2016-08-24 13:27:15', 'evt'),
(131, 11, '13:20:00', 35, 'Video Live:', '', '未定', '', '宮本 明', '', 'EVT for CLI', '', '', '2016-08-24 13:29:56', 'evt'),
(132, 12, '13:55:00', 20, 'Lecture:', '', '未定', '', '飛田 一樹', '', 'DeviceとWireの選択', '', '', '2016-08-24 13:31:50', 'evt'),
(133, 13, '14:15:00', 35, 'Video Live:', '', '未定', '', '平野 敬典', '', 'EVT for CLI', '', '', '2016-08-24 13:32:52', 'evt'),
(134, 14, '15:00:00', 120, 'EndoVascular Therapy for Critical Limb Ischemia', '', '竹下 聡、横井 良明', '', '', '', '', '', '', '2016-08-24 13:34:24', 'evt'),
(135, 15, '15:00:00', 20, 'Lecture:', '', '未定', '', '安藤 弘', '', '動脈穿刺', '', '', '2016-08-24 13:35:10', 'evt'),
(136, 16, '15:20:00', 35, 'Video Live:', '', '未定', '', '松実 純也', '', 'EVT for CLI', '', '', '2016-08-24 13:36:08', 'evt'),
(137, 17, '15:55:00', 20, 'Lecture:', '', '未定', '', '宮本 明', '', '合併症', '', '', '2016-08-24 15:20:30', 'evt'),
(138, 18, '16:15:00', 35, 'Video Live:', '', '未定', '', '安藤 弘', '', 'EVT for CLI', '', '', '2016-08-24 13:37:06', 'evt'),
(139, 19, '00:00:00', 0, '', '', '', '', '', '', '', '', '', '0000-00-00 00:00:00', 'evt'),
(140, 20, '00:00:00', 0, '', '', '', '', '', '', '', '', '', '0000-00-00 00:00:00', 'evt'),
(141, 21, '00:00:00', 0, '', '', '', '', '', '', '', '', '', '0000-00-00 00:00:00', 'evt'),
(142, 22, '00:00:00', 0, '', '', '', '', '', '', '', '', '', '0000-00-00 00:00:00', 'evt'),
(143, 23, '00:00:00', 0, '', '', '', '', '', '', '', '', '', '0000-00-00 00:00:00', 'evt'),
(144, 24, '00:00:00', 0, '', '', '', '', '', '', '', '', '', '0000-00-00 00:00:00', 'evt'),
(145, 25, '00:00:00', 0, '', '', '', '', '', '', '', '', '', '0000-00-00 00:00:00', 'evt'),
(146, 26, '00:00:00', 0, '', '', '', '', '', '', '', '', '', '0000-00-00 00:00:00', 'evt'),
(147, 27, '00:00:00', 0, '', '', '', '', '', '', '', '', '', '0000-00-00 00:00:00', 'evt'),
(148, 28, '00:00:00', 0, '', '', '', '', '', '', '', '', '', '0000-00-00 00:00:00', 'evt'),
(149, 29, '00:00:00', 0, '', '', '', '', '', '', '', '', '', '0000-00-00 00:00:00', 'evt'),
(150, 30, '00:00:00', 0, '', '', '', '', '', '', '', '', '', '0000-00-00 00:00:00', 'evt'),
(151, 31, '00:00:00', 0, '', '', '', '', '', '', '', '', '', '0000-00-00 00:00:00', 'evt'),
(152, 32, '00:00:00', 0, '', '', '', '', '', '', '', '', '', '0000-00-00 00:00:00', 'evt'),
(153, 33, '00:00:00', 0, '', '', '', '', '', '', '', '', '', '0000-00-00 00:00:00', 'evt'),
(154, 34, '00:00:00', 0, '', '', '', '', '', '', '', '', '', '0000-00-00 00:00:00', 'evt'),
(155, 35, '00:00:00', 0, '', '', '', '', '', '', '', '', '', '0000-00-00 00:00:00', 'evt'),
(156, 36, '00:00:00', 0, '', '', '', '', '', '', '', '', '', '0000-00-00 00:00:00', 'evt'),
(157, 37, '00:00:00', 0, '', '', '', '', '', '', '', '', '', '0000-00-00 00:00:00', 'evt'),
(158, 38, '00:00:00', 0, '', '', '', '', '', '', '', '', '', '0000-00-00 00:00:00', 'evt'),
(159, 39, '00:00:00', 0, '', '', '', '', '', '', '', '', '', '0000-00-00 00:00:00', 'evt'),
(160, 0, '00:00:00', 0, '', '', '', '', '', '', '', '', '', '0000-00-00 00:00:00', 'evt'),
(161, 0, '00:00:00', 0, '', '', '', '', '', '', '', '', '', '0000-00-00 00:00:00', 'evt'),
(162, 0, '00:00:00', 0, '', '', '', '', '', '', '', '', '', '0000-00-00 00:00:00', 'evt'),
(163, 0, '00:00:00', 0, '', '', '', '', '', '', '', '', '', '0000-00-00 00:00:00', 'evt'),
(164, 0, '00:00:00', 0, '', '', '', '', '', '', '', '', '', '0000-00-00 00:00:00', 'evt'),
(165, 0, '00:00:00', 0, '', '', '', '', '', '', '', '', '', '0000-00-00 00:00:00', 'evt'),
(166, 0, '00:00:00', 0, '', '', '', '', '', '', '', '', '', '0000-00-00 00:00:00', 'evt'),
(167, 0, '00:00:00', 0, '', '', '', '', '', '', '', '', '', '0000-00-00 00:00:00', 'evt'),
(168, 0, '00:00:00', 0, '', '', '', '', '', '', '', '', '', '0000-00-00 00:00:00', 'evt'),
(169, 0, '00:00:00', 0, '', '', '', '', '', '', '', '', '', '0000-00-00 00:00:00', 'evt'),
(170, 0, '00:00:00', 0, '', '', '', '', '', '', '', '', '', '0000-00-00 00:00:00', 'evt'),
(171, 0, '00:00:00', 0, '', '', '', '', '', '', '', '', '', '0000-00-00 00:00:00', 'tri');

-- --------------------------------------------------------

--
-- テーブルの構造 `tri_session_tbls`
--

CREATE TABLE IF NOT EXISTS `tri_session_tbls` (
  `id` int(11) NOT NULL auto_increment,
  `sessionNo` tinyint(2) NOT NULL default '0',
  `begin` time NOT NULL default '00:00:00',
  `duration` int(5) NOT NULL default '0',
  `sessionTitle` varchar(300) NOT NULL default '',
  `cosponsor` varchar(100) NOT NULL default '',
  `chair` varchar(200) NOT NULL default '',
  `moderator` varchar(500) NOT NULL default '',
  `speaker` varchar(200) NOT NULL default '',
  `interpreter` varchar(100) NOT NULL default '',
  `lectureTitle` varchar(300) NOT NULL default '',
  `venue` varchar(50) NOT NULL default '',
  `description` text NOT NULL,
  `changed` datetime NOT NULL default '0000-00-00 00:00:00',
  PRIMARY KEY  (`id`),
  UNIQUE KEY `sessionNo` (`sessionNo`)
) ENGINE=InnoDB  DEFAULT CHARSET=utf8 AUTO_INCREMENT=61 ;

--
-- テーブルのデータのダンプ `tri_session_tbls`
--

INSERT INTO `tri_session_tbls` (`id`, `sessionNo`, `begin`, `duration`, `sessionTitle`, `cosponsor`, `chair`, `moderator`, `speaker`, `interpreter`, `lectureTitle`, `venue`, `description`, `changed`) VALUES
(1, 0, '00:00:00', 0, '', '', '', '', '', '', '', '', '', '0000-00-00 00:00:00'),
(2, 1, '09:30:00', 210, 'TRI focusing on FFR/OCT (BRS?)', 'Abbott Vascular, St Jude Medical, Boston Scientific Japan', '未定', '', '', '', '', 'はまぎんホール', '', '2016-08-14 14:45:09'),
(3, 2, '09:30:00', 75, 'TRI Focusing on FFR/OCT', '', '未定', '', '', '', '', '', '', '2016-08-16 15:00:32'),
(4, 3, '10:30:00', 15, 'Boston Mini Lecture', 'Boston Scientific', '未定', '', '', '', '', '', '', '2016-08-17 09:36:00'),
(5, 4, '10:45:00', 75, 'TRI Focusing on FFR/OCT', '', '未定', '', '', '', '', '', '', '2016-08-16 15:01:33'),
(6, 5, '11:45:00', 15, 'St. Jude Medical Mini Lecture', 'St. Jude Medical', '未定', '', '', '', '', '', '加えまして、こちらのフォーカスライブ内での希望やミニレクチャーのご提案の件ですが、\r\n先日の弊社のワークショップにて招聘させていただきました村松崇先生（藤田保健衛生大学）がFacultyとして参加されるとのことですので、\r\n村松先生のご登壇を依頼させて頂きたいと考えております。\r\nOCTを使用したライブにおきましては、「OCTコメンテーター」、また、ミニレクチャーでの枠がございましたら、OCTに関連して「OCTを活かしたBRS留置」\r\nもしくは、「OCTを活かした分岐部病変の治療」など、村松先生の得意分野でお願い出来れば幸いです。', '2016-08-26 18:35:46'),
(7, 6, '12:00:00', 60, 'TRI Focusing on FFR/OCT', '', '未定', '', '', '', '', '', '', '2016-08-16 15:02:05'),
(8, 7, '13:00:00', 60, 'Luncheon Seminar', 'Abbott Vascular Japan', '未定', '', 'Chiung Jen Wu', '', 'BVS Real World', 'はまぎんホール', '', '2016-08-16 15:04:31'),
(9, 8, '14:00:00', 210, 'TRI focusing on Slender PCI', 'Kaneka, Japan Life Line, ASAHI Intecc', '未定', '', '', '', '', '', '', '2016-08-16 15:15:37'),
(10, 9, '14:00:00', 75, 'TRI Focusing on Slender PCI', '', '未定', '', '', '', '', '', '', '2016-08-16 15:50:19'),
(11, 10, '15:00:00', 15, 'Japan Life Line Mini Lecture', 'Japan Life Line', '未定', '', '', '', '', '', '', '2016-08-17 09:40:16'),
(12, 11, '15:15:00', 75, 'TRI Focusing on Slender PCI', '', '未定', '', '', '', '', '', '', '2016-08-16 15:50:52'),
(13, 12, '00:00:00', 0, '', '', '', '', '', '', '', '', '', '0000-00-00 00:00:00'),
(14, 13, '16:30:00', 60, 'TRI Focusing on Slender PCI', '', '未定', '', '', '', '', '', '', '2016-08-16 15:51:42'),
(15, 14, '09:00:00', 210, 'TRI Focusing on CTO', 'ASAHI Intecc, Boston Scientific, Medtronic, TERUMO', '未定', '', '', '', '', '', '', '2016-08-16 15:28:40'),
(16, 15, '09:00:00', 75, 'TRI Focusing on CTO', '', '未定', '', '', '', '', '', '', '2016-08-16 15:53:23'),
(17, 16, '10:00:00', 15, 'Boston Mini Lecture', 'Boston Scientific', '未定', '', '', '', '', '', '', '2016-08-17 09:37:27'),
(18, 17, '10:15:00', 75, 'TRI Focusing on CTO', '', '未定', '', '', '', '', '', '', '2016-08-16 15:54:01'),
(19, 18, '11:15:00', 15, 'Medtronic Mini Lecture', 'Medtronic', '未定', '', '', '', '', '', '', '2016-08-22 11:29:13'),
(20, 19, '11:30:00', 60, 'TRI Focusing on CTO', '', '未定', '', '', '', '', '', '', '2016-08-16 15:54:59'),
(21, 20, '12:30:00', 60, 'Luncheon Seminar', 'Terumo', '未定', '', 'Ferdinand Kiemeneij, Adel Aminian', '', 'How to proceed daily practice -Intuition/spontaneity or inference/allogenic- （仮）  ', 'はまぎんホール', '', '2016-08-16 15:16:42'),
(22, 21, '13:30:00', 210, 'TRI focusing on Bifurcation (DCA?)', 'Nipro, Medtronic, Goodman, Kaneka Medix', '未定', '', '', '', '', '', '', '2016-08-18 12:25:39'),
(23, 22, '13:30:00', 75, 'TRI Focusing on Bifurcation (DCA?)', '', '未定', '', '', '', '', '', '', '2016-08-16 15:56:47'),
(24, 23, '14:30:00', 15, 'Nipro/Goodman Mini Lecture', 'Nipro/Goodman', '未定', '', '', '', '', '', '', '2016-08-17 11:56:47'),
(25, 24, '14:45:00', 75, 'TRI Focusing on Bifurcation (DCA?)', '', '未定', '', '', '', '', '', '', '2016-08-16 15:57:21'),
(26, 25, '15:45:00', 15, 'Kaneka Medix Mini Lecture', 'Kaneka Medix', '未定', '', '', '', '', '', '', '2016-08-18 12:25:13'),
(27, 26, '16:00:00', 60, 'TRI Focusing on Bifurcation (DCA?)', '', '未定', '', '', '', '', '', '', '2016-08-16 15:57:59'),
(28, 27, '00:00:00', 0, '', '', '', '', '', '', '', '', '', '0000-00-00 00:00:00'),
(29, 28, '00:00:00', 0, '', '', '', '', '', '', '', '', '', '0000-00-00 00:00:00'),
(30, 29, '00:00:00', 0, '', '', '', '', '', '', '', '', '', '0000-00-00 00:00:00'),
(31, 30, '00:00:00', 0, '', '', '', '', '', '', '', '', '', '0000-00-00 00:00:00'),
(32, 31, '00:00:00', 0, '', '', '', '', '', '', '', '', '', '0000-00-00 00:00:00'),
(33, 32, '00:00:00', 0, '', '', '', '', '', '', '', '', '', '0000-00-00 00:00:00'),
(34, 33, '00:00:00', 0, '', '', '', '', '', '', '', '', '', '0000-00-00 00:00:00'),
(35, 34, '00:00:00', 0, '', '', '', '', '', '', '', '', '', '0000-00-00 00:00:00'),
(36, 35, '00:00:00', 0, '', '', '', '', '', '', '', '', '', '0000-00-00 00:00:00'),
(37, 36, '00:00:00', 0, '', '', '', '', '', '', '', '', '', '0000-00-00 00:00:00'),
(38, 37, '00:00:00', 0, '', '', '', '', '', '', '', '', '', '0000-00-00 00:00:00'),
(39, 38, '00:00:00', 0, '', '', '', '', '', '', '', '', '', '0000-00-00 00:00:00'),
(40, 39, '00:00:00', 0, '', '', '', '', '', '', '', '', '', '0000-00-00 00:00:00'),
(41, 40, '00:00:00', 0, '', '', '', '', '', '', '', '', '', '0000-00-00 00:00:00'),
(42, 41, '00:00:00', 0, '', '', '', '', '', '', '', '', '', '0000-00-00 00:00:00'),
(43, 42, '00:00:00', 0, '', '', '', '', '', '', '', '', '', '0000-00-00 00:00:00'),
(44, 43, '00:00:00', 0, '', '', '', '', '', '', '', '', '', '0000-00-00 00:00:00'),
(45, 44, '00:00:00', 0, '', '', '', '', '', '', '', '', '', '0000-00-00 00:00:00'),
(46, 45, '00:00:00', 0, '', '', '', '', '', '', '', '', '', '0000-00-00 00:00:00'),
(47, 46, '00:00:00', 0, '', '', '', '', '', '', '', '', '', '0000-00-00 00:00:00'),
(48, 47, '00:00:00', 0, '', '', '', '', '', '', '', '', '', '0000-00-00 00:00:00'),
(49, 48, '00:00:00', 0, '', '', '', '', '', '', '', '', '', '0000-00-00 00:00:00'),
(50, 49, '00:00:00', 0, '', '', '', '', '', '', '', '', '', '0000-00-00 00:00:00'),
(51, 50, '00:00:00', 0, '', '', '', '', '', '', '', '', '', '0000-00-00 00:00:00'),
(52, 51, '00:00:00', 0, '', '', '', '', '', '', '', '', '', '0000-00-00 00:00:00'),
(53, 52, '00:00:00', 0, '', '', '', '', '', '', '', '', '', '0000-00-00 00:00:00'),
(54, 53, '00:00:00', 0, '', '', '', '', '', '', '', '', '', '0000-00-00 00:00:00'),
(55, 54, '00:00:00', 0, '', '', '', '', '', '', '', '', '', '0000-00-00 00:00:00'),
(56, 55, '00:00:00', 0, '', '', '', '', '', '', '', '', '', '0000-00-00 00:00:00'),
(57, 56, '00:00:00', 0, '', '', '', '', '', '', '', '', '', '0000-00-00 00:00:00'),
(58, 57, '00:00:00', 0, '', '', '', '', '', '', '', '', '', '0000-00-00 00:00:00'),
(59, 58, '00:00:00', 0, '', '', '', '', '', '', '', '', '', '0000-00-00 00:00:00'),
(60, 59, '00:00:00', 0, '', '', '', '', '', '', '', '', '', '0000-00-00 00:00:00');

/*!40101 SET CHARACTER_SET_CLIENT=@OLD_CHARACTER_SET_CLIENT */;
/*!40101 SET CHARACTER_SET_RESULTS=@OLD_CHARACTER_SET_RESULTS */;
/*!40101 SET COLLATION_CONNECTION=@OLD_COLLATION_CONNECTION */;
